Date,Traffic Volume,Average Speed,Travel Time Index,Congestion Level,Road Capacity Utilization,Incident Reports,Environmental Impact,Public Transport Usage,Traffic Signal Compliance,Parking Usage,Pedestrian and Cyclist Count,Day_of_Week,Is_Weekend,Month,Road/Intersection Name_CMH Road,Weather Conditions_Fog,Weather Conditions_Overcast,Weather Conditions_Rain,Weather Conditions_Windy,Roadwork and Construction Activity_Yes
01-01-2022,50590,50.23029856,1.5,100,100,0,151.18,70.6323302,84.04460047,85.40362889,111,5,1,1,FALSE,FALSE,FALSE,FALSE,FALSE,FALSE
01-01-2022,30825,29.37712471,1.5,100,100,1,111.65,41.9248989,91.40703846,59.98368911,100,5,1,1,TRUE,FALSE,FALSE,FALSE,FALSE,FALSE
02-01-2022,22050,52.87084604,1.130159879,78.4298281,100,3,94.1,35.74010621,70.60809471,62.19948217,115,6,1,1,FALSE,TRUE,FALSE,FALSE,FALSE,FALSE
02-01-2022,37877,26.42842444,1.5,100,100,1,125.754,75.8321009,98.15714308,95.74321951,96,6,1,1,TRUE,FALSE,TRUE,FALSE,FALSE,FALSE
03-01-2022,23457,38.86905317,1.380024787,87.20214294,100,2,96.914,33.00651818,86.90073824,87.61872647,109,0,0,1,FALSE,FALSE,FALSE,FALSE,FALSE,FALSE
03-01-2022,38925,33.52942618,1.5,100,100,1,127.85,53.27526443,64.04490704,54.20534031,106,0,0,1,TRUE,FALSE,TRUE,FALSE,FALSE,FALSE
04-01-2022,46199,41.22849932,1.5,100,100,2,142.398,57.01904791,84.72512962,67.9081359,86,1,0,1,FALSE,FALSE,FALSE,FALSE,FALSE,FALSE
04-01-2022,56242,52.55340842,1.5,100,100,0,162.484,12.01478734,90.20549023,81.01547757,106,1,0,1,TRUE,FALSE,FALSE,FALSE,FALSE,TRUE
05-01-2022,49952,50.80134095,1.5,100,100,2,149.904,21.49860586,92.58298881,83.25986103,101,2,0,1,FALSE,FALSE,TRUE,FALSE,FALSE,FALSE
05-01-2022,33970,20,1.5,100,100,1,117.94,72.97022013,75.35564885,77.17764306,116,2,0,1,TRUE,FALSE,FALSE,FALSE,FALSE,FALSE
06-01-2022,46556,46.59329803,1.5,100,100,2,143.112,15.98559716,68.31545021,51.32661019,89,3,0,1,FALSE,FALSE,FALSE,FALSE,FALSE,FALSE
06-01-2022,22591,30.91538704,1.236117977,70.66460615,100,2,95.182,30.61260317,97.93813228,88.18028971,100,3,0,1,TRUE,TRUE,FALSE,FALSE,FALSE,FALSE
07-01-2022,24405,29.84255885,1.237175974,82.95172416,100,2,98.81,72.21236559,98.22605993,93.10638086,110,4,0,1,FALSE,FALSE,FALSE,FALSE,FALSE,TRUE
07-01-2022,25768,25.49316209,1.5,85.81084803,100,2,101.536,69.58448398,79.80586108,74.02932887,103,4,0,1,TRUE,FALSE,FALSE,FALSE,FALSE,FALSE
08-01-2022,36384,28.18948343,1.5,100,100,2,122.768,15.07128215,75.69974226,73.99694174,103,5,1,1,FALSE,FALSE,FALSE,TRUE,FALSE,FALSE
08-01-2022,11033,44.52288644,1.096818006,46.50991853,51.58995543,0,72.066,53.2709014,88.09859882,77.98243417,201,5,1,1,TRUE,FALSE,FALSE,FALSE,FALSE,TRUE
09-01-2022,38748,38.46488476,1.5,100,100,2,127.496,12.09815129,72.31719766,85.23403814,90,6,1,1,TRUE,FALSE,FALSE,FALSE,TRUE,TRUE
10-01-2022,43024,28.07094802,1.5,100,100,3,136.048,53.67015273,78.07070715,79.33042316,89,0,0,1,FALSE,FALSE,TRUE,FALSE,FALSE,FALSE
10-01-2022,13224,61.23396562,1.218678965,38.71894192,65.02905996,0,76.448,44.77368012,99.51142081,56.82198763,208,0,0,1,TRUE,FALSE,FALSE,FALSE,FALSE,FALSE
11-01-2022,11423,20,1.007676911,33.27293084,59.71789823,0,72.846,47.4717092,68.60807488,50.60603873,199,1,0,1,FALSE,FALSE,FALSE,FALSE,FALSE,FALSE
11-01-2022,10806,44.59911487,1.129870371,40.76714155,53.79018129,0,71.612,37.6133395,78.37787074,89.25082719,213,1,0,1,TRUE,FALSE,FALSE,TRUE,FALSE,FALSE
12-01-2022,37767,38.38720503,1.5,100,100,2,125.534,53.37125362,74.21972042,89.70986656,84,2,0,1,TRUE,FALSE,FALSE,FALSE,FALSE,FALSE
13-01-2022,11371,51.02477209,1.103448334,31.1974604,55.15715065,1,72.742,24.34168919,95.11320313,93.97909275,218,3,0,1,FALSE,FALSE,FALSE,FALSE,FALSE,FALSE
13-01-2022,11938,37.64141551,1.363688082,40.56736929,59.66812508,0,73.876,55.97460733,92.88412642,69.02100038,187,3,0,1,TRUE,FALSE,FALSE,FALSE,FALSE,FALSE
14-01-2022,24545,51.50381789,1.224176252,74.03645605,100,3,99.09,78.376023,64.42882373,71.12742142,117,4,0,1,FALSE,FALSE,TRUE,FALSE,FALSE,FALSE
15-01-2022,20081,52.32649361,1.291669395,69.98249964,100,1,90.162,57.10766357,71.01524697,65.31567494,109,5,1,1,FALSE,TRUE,FALSE,FALSE,FALSE,FALSE
15-01-2022,40722,28.06813173,1.5,100,100,3,131.444,21.68021412,77.22117354,57.1297072,114,5,1,1,TRUE,FALSE,FALSE,FALSE,FALSE,TRUE
16-01-2022,37666,35.89580681,1.5,100,100,4,125.332,71.84253341,77.93276221,75.52162445,104,6,1,1,FALSE,FALSE,FALSE,FALSE,FALSE,FALSE
16-01-2022,33681,39.07052287,1.5,100,100,2,117.362,77.02136133,60.3545314,99.89104278,105,6,1,1,TRUE,FALSE,FALSE,FALSE,FALSE,TRUE
17-01-2022,43778,45.58484544,1.5,100,100,1,137.556,35.20353261,98.27199262,75.02005729,98,0,0,1,FALSE,FALSE,FALSE,FALSE,FALSE,FALSE
17-01-2022,11546,59.52467534,1.328871955,45.49362669,54.84994055,1,73.092,71.61097165,68.62962717,83.89066002,204,0,0,1,TRUE,FALSE,FALSE,FALSE,FALSE,FALSE
18-01-2022,22675,39.02191614,1.05632118,78.03160616,100,1,95.35,66.7786639,85.43818829,69.40828531,105,1,0,1,TRUE,FALSE,FALSE,FALSE,FALSE,FALSE
19-01-2022,37647,61.34222044,1.5,100,100,4,125.294,64.62558521,79.05342933,74.87699261,90,2,0,1,FALSE,FALSE,FALSE,FALSE,FALSE,FALSE
19-01-2022,24022,52.09641291,1.163764829,86.29090495,100,3,98.044,20.61165524,95.03532334,76.95472764,93,2,0,1,TRUE,FALSE,FALSE,FALSE,FALSE,FALSE
20-01-2022,34920,21.73952314,1.5,100,100,1,119.84,40.24132493,99.21474964,53.37512733,100,3,0,1,FALSE,FALSE,FALSE,FALSE,TRUE,FALSE
20-01-2022,34071,52.0152107,1.5,100,100,1,118.142,43.81277883,70.74135024,64.37308324,103,3,0,1,TRUE,FALSE,FALSE,FALSE,FALSE,FALSE
21-01-2022,37614,36.84247914,1.5,100,100,1,125.228,11.53393301,72.04184311,75.13156213,79,4,0,1,FALSE,FALSE,TRUE,FALSE,FALSE,FALSE
21-01-2022,32230,43.13205187,1.5,100,100,0,114.46,22.99526934,86.5687754,94.08453059,110,4,0,1,TRUE,FALSE,FALSE,FALSE,FALSE,FALSE
22-01-2022,38113,42.89056687,1.5,100,100,1,126.226,53.43316495,89.69012749,58.4940503,90,5,1,1,FALSE,TRUE,FALSE,FALSE,FALSE,FALSE
22-01-2022,38352,38.10591259,1.5,100,100,1,126.704,60.14779784,70.83770793,60.11270903,94,5,1,1,TRUE,FALSE,FALSE,FALSE,FALSE,FALSE
23-01-2022,32690,31.87457263,1.5,100,100,3,115.38,13.63925464,61.26975061,71.16675721,83,6,1,1,FALSE,FALSE,TRUE,FALSE,FALSE,FALSE
23-01-2022,25259,26.9568424,1.5,79.92705765,100,1,100.518,72.81561061,84.90522134,98.66913096,99,6,1,1,TRUE,FALSE,FALSE,FALSE,FALSE,FALSE
24-01-2022,12829,44.72668066,1.016023648,38.5925516,61.22040936,0,75.658,73.59041863,78.72276217,73.31497065,211,0,0,1,FALSE,FALSE,FALSE,FALSE,FALSE,FALSE
24-01-2022,45895,48.88337778,1.5,100,100,0,141.79,24.31138607,73.61646224,75.52903787,103,0,0,1,TRUE,FALSE,FALSE,FALSE,FALSE,FALSE
25-01-2022,20961,20,1.336363484,64.29477393,100,2,91.922,42.13868163,72.13143563,96.62774392,105,1,0,1,FALSE,FALSE,FALSE,FALSE,FALSE,FALSE
25-01-2022,24321,45.53307421,1.224875524,85.36506553,100,1,98.642,52.89570849,97.53928633,83.08888662,82,1,0,1,TRUE,FALSE,FALSE,FALSE,FALSE,FALSE
26-01-2022,22812,43.93778506,1.015756733,77.51899732,100,0,95.624,50.82766746,60.45210146,89.36859791,94,2,0,1,FALSE,FALSE,FALSE,FALSE,FALSE,FALSE
27-01-2022,50653,27.75753468,1.5,100,100,0,151.306,18.81686375,99.1660622,83.69194491,112,3,0,1,FALSE,FALSE,FALSE,TRUE,FALSE,FALSE
27-01-2022,30838,53.27680983,1.5,98.31178722,100,2,111.676,53.7731119,89.88313069,60.93569445,80,3,0,1,TRUE,FALSE,FALSE,TRUE,FALSE,FALSE
28-01-2022,22144,42.60623148,1.353309441,72.10984644,100,3,94.288,66.96063406,97.62015812,82.43826931,124,4,0,1,FALSE,FALSE,FALSE,FALSE,FALSE,FALSE
28-01-2022,33499,31.38411419,1.5,100,100,2,116.998,48.66562965,83.80918931,93.59565306,102,4,0,1,TRUE,FALSE,TRUE,FALSE,FALSE,FALSE
29-01-2022,21212,39.33871411,1.038786268,64.28729942,100,1,92.424,43.2562911,96.89737135,53.63674739,93,5,1,1,FALSE,TRUE,FALSE,FALSE,FALSE,FALSE
29-01-2022,46015,40.95644058,1.5,100,100,3,142.03,61.1609242,76.80044017,78.91798816,111,5,1,1,TRUE,FALSE,TRUE,FALSE,FALSE,TRUE
30-01-2022,46490,42.17283581,1.5,100,100,1,142.98,58.32259928,97.80096258,84.12702394,95,6,1,1,FALSE,FALSE,FALSE,TRUE,FALSE,FALSE
30-01-2022,24746,48.1237821,1.054920013,91.53440171,100,4,99.492,70.09545182,65.26747614,85.25204532,107,6,1,1,TRUE,FALSE,FALSE,FALSE,FALSE,FALSE
31-01-2022,22992,44.05376207,1.10959524,85.75298935,100,1,95.984,22.53664575,75.68871174,97.3889849,88,0,0,1,FALSE,FALSE,FALSE,FALSE,FALSE,FALSE
31-01-2022,39591,20.23932908,1.5,100,100,5,129.182,33.43523293,72.54812499,81.7822661,96,0,0,1,TRUE,FALSE,FALSE,FALSE,FALSE,FALSE
01-02-2022,34763,44.13473732,1.5,100,100,2,119.526,40.12425727,66.61999099,85.33020645,101,1,0,2,FALSE,FALSE,FALSE,FALSE,FALSE,FALSE
01-02-2022,26233,36.8641617,1.5,90.78188228,100,4,102.466,13.69786805,89.04339406,56.0651499,94,1,0,2,TRUE,FALSE,FALSE,FALSE,FALSE,FALSE
02-02-2022,25267,28.01800325,1.5,82.73344652,100,0,100.534,12.4101916,77.83302199,90.83276216,114,2,0,2,FALSE,FALSE,FALSE,FALSE,FALSE,FALSE
02-02-2022,43605,49.20504287,1.5,100,100,4,137.21,65.85986247,89.54184214,53.18972781,97,2,0,2,TRUE,FALSE,FALSE,FALSE,FALSE,FALSE
03-02-2022,27713,30.18234029,1.5,97.03987423,100,2,105.426,38.39516816,66.76647575,98.87282816,112,3,0,2,FALSE,FALSE,FALSE,TRUE,FALSE,FALSE
03-02-2022,36829,35.08556081,1.5,100,100,1,123.658,36.91610696,73.87835802,71.59035476,109,3,0,2,TRUE,TRUE,FALSE,FALSE,FALSE,FALSE
04-02-2022,36972,57.78243071,1.5,100,100,2,123.944,45.28929893,72.91239174,62.90538216,99,4,0,2,FALSE,FALSE,TRUE,FALSE,FALSE,FALSE
04-02-2022,25298,40.8177896,1.5,89.68195902,100,4,100.596,47.00951239,61.37507433,81.9481511,83,4,0,2,TRUE,FALSE,FALSE,FALSE,FALSE,FALSE
05-02-2022,34232,30.41361364,1.5,100,100,2,118.464,38.38301734,99.36357856,64.61244784,94,5,1,2,TRUE,FALSE,FALSE,FALSE,FALSE,FALSE
06-02-2022,37265,48.10191908,1.5,100,100,3,124.53,16.54915848,60.66686202,93.67671321,92,6,1,2,FALSE,TRUE,FALSE,FALSE,FALSE,FALSE
06-02-2022,23468,55.36515584,1.304944485,71.10418977,100,0,96.936,51.06212162,78.21579621,75.90076745,107,6,1,2,TRUE,TRUE,FALSE,FALSE,FALSE,FALSE
07-02-2022,48104,31.96435675,1.5,100,100,0,146.208,57.91047527,80.12881659,88.25744249,100,0,0,2,FALSE,FALSE,FALSE,TRUE,FALSE,FALSE
07-02-2022,33627,35.34008096,1.5,100,100,5,117.254,19.27294594,81.87662055,77.31238001,84,0,0,2,TRUE,FALSE,TRUE,FALSE,FALSE,FALSE
08-02-2022,22330,30.50849477,1.302524039,75.22656911,100,0,94.66,17.16325257,76.41994855,96.65964585,104,1,0,2,FALSE,FALSE,FALSE,FALSE,FALSE,FALSE
08-02-2022,45752,39.79360953,1.5,100,100,4,141.504,14.40352332,67.49387165,51.62353858,107,1,0,2,TRUE,FALSE,FALSE,FALSE,FALSE,FALSE
09-02-2022,11122,20.95450474,1.021083916,27.82465792,57.78181447,0,72.244,45.6094189,69.72498122,87.23753658,184,2,0,2,FALSE,FALSE,FALSE,FALSE,FALSE,FALSE
09-02-2022,39145,39.87774821,1.5,100,100,3,128.29,10.51504807,80.72822929,51.87643288,102,2,0,2,TRUE,FALSE,FALSE,FALSE,TRUE,FALSE
10-02-2022,25264,28.7725244,1.5,77.95147926,100,1,100.528,68.46708421,74.61467366,92.08077299,102,3,0,2,TRUE,FALSE,TRUE,FALSE,FALSE,TRUE
11-02-2022,44136,29.61426327,1.5,100,100,1,138.272,19.44849403,71.84707062,78.61419073,98,4,0,2,FALSE,TRUE,FALSE,FALSE,FALSE,FALSE
11-02-2022,22683,49.62453986,1.052127195,72.52254074,100,1,95.366,19.21966746,94.34979874,81.68916424,92,4,0,2,TRUE,FALSE,FALSE,FALSE,FALSE,FALSE
12-02-2022,23302,25.41824571,1.114231846,86.90556218,100,0,96.604,46.87720162,62.28396314,55.52715832,91,5,1,2,FALSE,FALSE,FALSE,FALSE,FALSE,FALSE
12-02-2022,32273,23.74412886,1.5,100,100,0,114.546,65.68810743,79.08585504,56.54405693,92,5,1,2,TRUE,FALSE,TRUE,FALSE,FALSE,FALSE
13-02-2022,40743,30.93331558,1.5,100,100,0,131.486,23.58901393,81.46430037,96.74110202,111,6,1,2,FALSE,FALSE,FALSE,FALSE,FALSE,FALSE
13-02-2022,22426,37.15503928,1.033351622,83.32348837,100,3,94.852,12.71596183,67.47090113,91.56229025,108,6,1,2,TRUE,FALSE,FALSE,FALSE,FALSE,FALSE
14-02-2022,40343,44.38640023,1.5,100,100,2,130.686,26.92351552,79.32056451,94.34157697,96,0,0,2,FALSE,FALSE,FALSE,FALSE,FALSE,FALSE
15-02-2022,41665,33.35758015,1.5,100,100,2,133.33,50.14442347,68.60975282,93.0812475,121,1,0,2,TRUE,FALSE,FALSE,FALSE,FALSE,FALSE
16-02-2022,38008,38.12996305,1.5,100,100,0,126.016,71.00862995,77.86958101,67.14832599,87,2,0,2,FALSE,FALSE,FALSE,FALSE,FALSE,FALSE
16-02-2022,36303,39.69578897,1.5,100,100,1,122.606,49.86376717,94.4445408,53.91691089,82,2,0,2,TRUE,FALSE,FALSE,FALSE,FALSE,FALSE
17-02-2022,35163,55.53140184,1.5,100,100,3,120.326,29.41987144,85.71208201,84.64005993,113,3,0,2,FALSE,TRUE,FALSE,FALSE,FALSE,FALSE
17-02-2022,43926,40.98099155,1.5,100,100,0,137.852,13.74042217,97.5020135,76.49378128,103,3,0,2,TRUE,FALSE,FALSE,FALSE,FALSE,FALSE
18-02-2022,33207,50.27429387,1.5,100,100,1,116.414,42.52826279,92.82943363,80.72705091,111,4,0,2,FALSE,FALSE,FALSE,FALSE,FALSE,TRUE
18-02-2022,33978,44.57537163,1.5,100,100,1,117.956,19.54597735,67.86754233,52.76661936,90,4,0,2,TRUE,FALSE,FALSE,TRUE,FALSE,FALSE
19-02-2022,38723,40.06420775,1.5,100,100,2,127.446,31.96475003,65.6737759,60.69006053,85,5,1,2,FALSE,FALSE,FALSE,TRUE,FALSE,FALSE
19-02-2022,14098,31.14590608,1.390431333,47.63942061,74.54321828,0,78.196,23.37363081,77.63019774,79.23784042,195,5,1,2,TRUE,FALSE,TRUE,FALSE,FALSE,FALSE
20-02-2022,39196,32.41954484,1.5,100,100,2,128.392,22.84205193,90.33614692,51.0993261,110,6,1,2,TRUE,FALSE,FALSE,TRUE,FALSE,FALSE
21-02-2022,12061,28.77534669,1.151983981,39.17303789,65.1114822,0,74.122,41.65280576,65.34062205,52.39788662,212,0,0,2,FALSE,TRUE,FALSE,FALSE,FALSE,FALSE
21-02-2022,23213,37.37582049,1.046751504,87.09383547,100,0,96.426,23.9357619,83.50812913,53.20217619,92,0,0,2,TRUE,FALSE,FALSE,FALSE,FALSE,FALSE
22-02-2022,49188,51.67256842,1.5,100,100,3,148.376,70.28625591,66.18739393,72.57735114,97,1,0,2,FALSE,FALSE,FALSE,FALSE,FALSE,FALSE
22-02-2022,35250,31.31550125,1.5,100,100,0,120.5,11.04989503,66.44400093,99.80063917,89,1,0,2,TRUE,FALSE,TRUE,FALSE,FALSE,TRUE
23-02-2022,22280,36.09431189,1.222494558,72.4948853,100,0,94.56,78.15844944,69.22554561,88.64369682,95,2,0,2,FALSE,FALSE,TRUE,FALSE,FALSE,FALSE
23-02-2022,34513,20,1.5,100,100,2,119.026,19.84573375,88.66527747,71.86408241,97,2,0,2,TRUE,FALSE,FALSE,FALSE,FALSE,FALSE
24-02-2022,48571,20,1.5,100,100,4,147.142,14.67251784,64.65782096,79.82372888,93,3,0,2,FALSE,FALSE,FALSE,FALSE,FALSE,FALSE
24-02-2022,31883,46.7994213,1.5,100,100,2,113.766,58.75550284,75.04167164,97.13048551,110,3,0,2,TRUE,FALSE,FALSE,FALSE,FALSE,FALSE
25-02-2022,36474,35.33443468,1.5,100,100,4,122.948,77.32337348,76.63144248,80.05413327,92,4,0,2,FALSE,FALSE,FALSE,FALSE,FALSE,FALSE
25-02-2022,32188,46.54693767,1.5,100,100,1,114.376,77.31483446,80.4587016,86.69601851,97,4,0,2,TRUE,FALSE,FALSE,FALSE,FALSE,FALSE
26-02-2022,10949,35.27701755,1.058406762,32.28023174,52.84265314,0,71.898,56.45931352,75.24402054,85.97351157,193,5,1,2,FALSE,FALSE,FALSE,FALSE,FALSE,TRUE
26-02-2022,36263,36.75386125,1.5,100,100,4,122.526,45.84163724,81.95367022,76.9163186,102,5,1,2,TRUE,FALSE,TRUE,FALSE,FALSE,FALSE
27-02-2022,44916,49.34408045,1.5,100,100,2,139.832,58.08491917,71.76013554,77.99465508,94,6,1,2,FALSE,FALSE,FALSE,FALSE,FALSE,FALSE
27-02-2022,21542,45.30146399,1.268389884,76.88542036,100,1,93.084,51.87277119,70.57617192,76.38122284,100,6,1,2,TRUE,FALSE,FALSE,FALSE,FALSE,FALSE
28-02-2022,36715,52.84882399,1.5,100,100,3,123.43,42.24794814,95.63296526,54.72312129,96,0,0,2,FALSE,FALSE,FALSE,FALSE,FALSE,FALSE
28-02-2022,36263,30.59725363,1.5,100,100,2,122.526,17.51527829,65.82514954,51.67189928,99,0,0,2,TRUE,FALSE,FALSE,FALSE,FALSE,FALSE
01-03-2022,26871,20,1.5,98.53106564,100,2,103.742,11.67828132,72.52101419,90.99340738,101,1,0,3,FALSE,FALSE,FALSE,FALSE,FALSE,FALSE
01-03-2022,47746,39.82790124,1.5,100,100,2,145.492,62.0451775,81.27953273,90.45172751,109,1,0,3,TRUE,TRUE,FALSE,FALSE,FALSE,FALSE
02-03-2022,24147,56.93586535,1.373310565,86.61033009,100,0,98.294,39.94764196,67.89945127,95.53989555,89,2,0,3,FALSE,FALSE,FALSE,FALSE,FALSE,FALSE
02-03-2022,40261,26.77664529,1.5,100,100,3,130.522,57.13740353,95.65130659,90.19423544,90,2,0,3,TRUE,TRUE,FALSE,FALSE,FALSE,TRUE
03-03-2022,49220,36.63286053,1.5,100,100,0,148.44,10.48703111,69.60506482,55.04035986,93,3,0,3,FALSE,FALSE,FALSE,FALSE,FALSE,FALSE
03-03-2022,36902,42.67590077,1.5,100,100,6,123.804,49.38980803,63.98923889,96.09778151,87,3,0,3,TRUE,FALSE,FALSE,FALSE,FALSE,FALSE
04-03-2022,38842,41.74694978,1.5,100,100,3,127.684,65.97050509,83.22479042,88.65450708,95,4,0,3,FALSE,FALSE,FALSE,FALSE,FALSE,FALSE
04-03-2022,32571,26.09195734,1.5,100,100,2,115.142,58.93191898,70.11647222,52.02439122,97,4,0,3,TRUE,FALSE,FALSE,FALSE,FALSE,FALSE
05-03-2022,13161,40.63433949,1.146501202,45.90097013,66.86816947,0,76.322,73.31317491,80.12913382,73.2392103,185,5,1,3,FALSE,FALSE,TRUE,FALSE,FALSE,FALSE
05-03-2022,37812,30.89970588,1.5,100,100,0,125.624,78.2923478,94.73295855,94.66180736,114,5,1,3,TRUE,FALSE,FALSE,TRUE,FALSE,FALSE
06-03-2022,40234,20,1.5,100,100,0,130.468,72.4478411,61.23132409,87.41981781,78,6,1,3,FALSE,FALSE,FALSE,FALSE,FALSE,FALSE
06-03-2022,33106,34.48882737,1.5,100,100,5,116.212,21.14981261,77.41557585,70.0949354,102,6,1,3,TRUE,TRUE,FALSE,FALSE,FALSE,FALSE
07-03-2022,24956,39.22771274,1.091594874,83.71951194,100,4,99.912,39.8510664,84.2477415,77.88823795,104,0,0,3,FALSE,FALSE,FALSE,TRUE,FALSE,FALSE
07-03-2022,23799,45.46478669,1.16314401,83.43069045,100,3,97.598,43.77160293,83.89397204,73.6231057,106,0,0,3,TRUE,FALSE,FALSE,FALSE,FALSE,FALSE
08-03-2022,21726,32.25388709,1.272063419,63.58267582,100,0,93.452,79.97712437,66.86090775,88.57732287,91,1,0,3,FALSE,FALSE,TRUE,FALSE,FALSE,FALSE
08-03-2022,39430,36.84858654,1.5,100,100,3,128.86,20.46560477,83.07638141,82.8747115,90,1,0,3,TRUE,FALSE,TRUE,FALSE,FALSE,FALSE
09-03-2022,34407,22.84727424,1.5,100,100,3,118.814,69.58975486,91.02618541,64.40747445,95,2,0,3,FALSE,FALSE,FALSE,FALSE,FALSE,FALSE
09-03-2022,50717,27.89863393,1.5,100,100,3,151.434,11.56111934,84.3802049,68.39161122,97,2,0,3,TRUE,FALSE,FALSE,FALSE,FALSE,FALSE
10-03-2022,36665,21.17104081,1.5,100,100,0,123.33,76.79809091,65.69144874,85.42391266,81,3,0,3,FALSE,FALSE,FALSE,FALSE,FALSE,FALSE
11-03-2022,24681,52.4371582,1.136366564,83.14068757,100,2,99.362,33.46562261,61.68179184,79.91188799,112,4,0,3,FALSE,TRUE,FALSE,FALSE,FALSE,FALSE
11-03-2022,25517,39.48078341,1.5,88.77375651,100,1,101.034,49.92702697,90.25910715,55.52895935,111,4,0,3,TRUE,FALSE,FALSE,TRUE,FALSE,FALSE
12-03-2022,22597,34.67994344,1.246753629,76.00536714,100,1,95.194,45.17707387,70.84711143,97.38012508,99,5,1,3,FALSE,TRUE,FALSE,FALSE,FALSE,FALSE
12-03-2022,26937,38.81724745,1.5,98.35017484,100,3,103.874,16.29147961,65.27719303,74.77545887,85,5,1,3,TRUE,FALSE,FALSE,FALSE,FALSE,FALSE
13-03-2022,37514,32.72278997,1.5,100,100,3,125.028,75.51686076,66.58964153,52.10752085,99,6,1,3,FALSE,TRUE,FALSE,FALSE,FALSE,FALSE
13-03-2022,26793,39.44968315,1.5,81.17656241,100,0,103.586,51.55568056,95.46937568,83.5331658,115,6,1,3,TRUE,FALSE,FALSE,FALSE,FALSE,FALSE
14-03-2022,20041,65.26817116,1.351103337,58.80396675,97.78240061,1,90.082,32.45350898,75.48621576,81.12968983,98,0,0,3,FALSE,FALSE,FALSE,FALSE,FALSE,FALSE
14-03-2022,11027,45.79579547,1.156691105,38.54210189,52.89185897,0,72.054,64.23051358,97.87164689,55.02202089,192,0,0,3,TRUE,FALSE,FALSE,FALSE,FALSE,FALSE
15-03-2022,21835,41.61330946,1.150727842,75.34698542,100,1,93.67,52.98218389,94.43420112,87.66067194,101,1,0,3,FALSE,FALSE,FALSE,FALSE,FALSE,FALSE
15-03-2022,53009,46.36455574,1.5,100,100,1,156.018,29.45454075,95.61257825,77.49942079,97,1,0,3,TRUE,TRUE,FALSE,FALSE,FALSE,FALSE
16-03-2022,24004,31.24914767,1.317291871,73.01640622,100,1,98.008,56.33424111,78.67997678,90.60166465,88,2,0,3,TRUE,FALSE,FALSE,FALSE,FALSE,FALSE
17-03-2022,36346,34.70233512,1.5,100,100,2,122.692,79.26953658,66.30754688,75.81699094,109,3,0,3,FALSE,FALSE,FALSE,FALSE,FALSE,FALSE
17-03-2022,32671,52.12711411,1.5,99.22672413,100,0,115.342,10.08425297,84.64394249,59.45085337,90,3,0,3,TRUE,FALSE,FALSE,FALSE,FALSE,FALSE
18-03-2022,34188,49.58657523,1.5,100,100,2,118.376,57.79298473,77.08812109,79.57643987,107,4,0,3,FALSE,FALSE,TRUE,FALSE,FALSE,FALSE
18-03-2022,23926,33.69955831,1.103555497,84.84379948,100,1,97.852,22.66811448,91.89036103,72.84901798,95,4,0,3,TRUE,FALSE,FALSE,FALSE,FALSE,FALSE
19-03-2022,24566,43.97943609,1.208035975,79.90065229,100,2,99.132,50.94552828,86.60816414,85.63590015,114,5,1,3,FALSE,FALSE,FALSE,FALSE,FALSE,FALSE
19-03-2022,37666,54.85944776,1.5,100,100,3,125.332,15.8766163,73.58259382,65.54230778,123,5,1,3,TRUE,FALSE,FALSE,TRUE,FALSE,FALSE
20-03-2022,52168,37.33285041,1.5,100,100,1,154.336,12.80137485,68.03404864,59.30042159,92,6,1,3,FALSE,FALSE,FALSE,FALSE,FALSE,FALSE
20-03-2022,12426,64.87806565,1.177657681,44.10879882,65.40679407,0,74.852,54.87836255,98.14288895,91.98122479,197,6,1,3,TRUE,FALSE,FALSE,FALSE,FALSE,FALSE
21-03-2022,35484,33.53368226,1.5,100,100,3,120.968,32.31588532,62.0508133,69.7834957,90,0,0,3,FALSE,FALSE,FALSE,TRUE,FALSE,FALSE
21-03-2022,23109,50.4189282,1.293687336,82.17964649,100,2,96.218,13.21510226,64.46412798,59.35725157,100,0,0,3,TRUE,FALSE,FALSE,FALSE,FALSE,FALSE
22-03-2022,37476,23.6893137,1.5,100,100,1,124.952,72.13122935,82.65562883,84.07675001,95,1,0,3,FALSE,FALSE,FALSE,FALSE,FALSE,FALSE
22-03-2022,32927,22.97831633,1.5,100,100,3,115.854,62.07056966,94.25496393,65.50081779,97,1,0,3,TRUE,FALSE,TRUE,FALSE,FALSE,TRUE
23-03-2022,53125,20,1.5,100,100,3,156.25,39.44775659,93.31372371,50.96158517,90,2,0,3,FALSE,TRUE,FALSE,FALSE,FALSE,FALSE
23-03-2022,34618,40.96572345,1.5,100,100,2,119.236,42.98755016,61.07082343,54.5968968,106,2,0,3,TRUE,FALSE,TRUE,FALSE,FALSE,FALSE
24-03-2022,30316,33.39961326,1.5,100,100,2,110.632,12.83071818,95.71173426,99.91515779,89,3,0,3,FALSE,FALSE,FALSE,FALSE,FALSE,FALSE
24-03-2022,46720,51.00907992,1.5,100,100,3,143.44,55.07596137,84.51419096,85.95982803,104,3,0,3,TRUE,FALSE,FALSE,TRUE,FALSE,FALSE
25-03-2022,24436,42.30900681,1.003696926,77.70344247,100,2,98.872,44.18367008,86.10756157,56.06523523,89,4,0,3,FALSE,FALSE,FALSE,FALSE,TRUE,FALSE
25-03-2022,22399,44.82072032,1.013896858,74.03800387,100,1,94.798,79.50324436,75.82587285,81.2279318,99,4,0,3,TRUE,FALSE,FALSE,FALSE,FALSE,FALSE
26-03-2022,36650,20.83176472,1.5,100,100,2,123.3,33.25214217,60.3682267,60.01104679,86,5,1,3,FALSE,FALSE,FALSE,FALSE,FALSE,FALSE
27-03-2022,39068,38.02895263,1.5,100,100,0,128.136,59.8823279,62.78327134,74.81821862,99,6,1,3,FALSE,FALSE,TRUE,FALSE,FALSE,FALSE
27-03-2022,34896,42.66177598,1.5,100,100,1,119.792,32.06311031,95.00748854,67.35834198,102,6,1,3,TRUE,FALSE,FALSE,FALSE,FALSE,FALSE
28-03-2022,34038,38.83823564,1.5,100,100,0,118.076,20.38374265,60.88533102,81.41681826,114,0,0,3,FALSE,FALSE,FALSE,FALSE,FALSE,FALSE
28-03-2022,22423,34.42063338,1.384631588,76.31279835,100,2,94.846,22.80213556,65.72658831,97.25395989,88,0,0,3,TRUE,FALSE,FALSE,FALSE,FALSE,FALSE
29-03-2022,46778,45.10441883,1.5,100,100,2,143.556,15.6361591,82.47191411,50.68021977,97,1,0,3,FALSE,FALSE,FALSE,FALSE,FALSE,TRUE
29-03-2022,25636,31.2028418,1.5,90.37865456,100,0,101.272,60.09716438,75.62810203,88.30399996,98,1,0,3,TRUE,FALSE,FALSE,FALSE,FALSE,FALSE
30-03-2022,25784,22.22050115,1.5,78.3434799,100,2,101.568,52.18430449,67.38140203,63.6601753,97,2,0,3,FALSE,FALSE,FALSE,TRUE,FALSE,FALSE
30-03-2022,39834,40.24867578,1.5,100,100,3,129.668,47.96870901,74.84446655,84.8749518,99,2,0,3,TRUE,FALSE,FALSE,TRUE,FALSE,FALSE
31-03-2022,21501,38.47098015,1.231762252,77.63341605,100,3,93.002,68.48774955,89.19496051,87.46376684,90,3,0,3,FALSE,FALSE,TRUE,FALSE,FALSE,FALSE
31-03-2022,34528,42.79300473,1.5,100,100,2,119.056,57.30536745,76.58760617,56.20484381,98,3,0,3,TRUE,FALSE,FALSE,FALSE,FALSE,FALSE
01-04-2022,13099,44.05825215,1.339500987,43.89372448,67.56187708,0,76.198,58.18776934,70.89538317,91.60310484,176,4,0,4,FALSE,FALSE,FALSE,FALSE,FALSE,FALSE
01-04-2022,29150,32.86567303,1.5,100,100,0,108.3,74.31969991,84.3632662,90.36571504,97,4,0,4,TRUE,FALSE,TRUE,FALSE,FALSE,FALSE
02-04-2022,22349,45.46461273,1.047070605,68.01382429,100,0,94.698,10.73969859,86.9406611,71.18450893,100,5,1,4,FALSE,FALSE,FALSE,FALSE,FALSE,FALSE
02-04-2022,22393,36.79086842,1.151482543,81.00552903,100,1,94.786,54.58292805,80.87309897,71.70381971,90,5,1,4,TRUE,FALSE,FALSE,FALSE,FALSE,FALSE
03-04-2022,21300,50.91214785,1.031966044,61.01108369,100,0,92.6,62.66176795,75.00705593,74.30017241,97,6,1,4,FALSE,FALSE,FALSE,FALSE,FALSE,FALSE
04-04-2022,51373,26.0063272,1.5,100,100,2,152.746,71.80667191,72.29490877,84.5996261,108,0,0,4,FALSE,FALSE,FALSE,FALSE,FALSE,FALSE
04-04-2022,21921,51.81783182,1.283756298,81.77088393,100,1,93.842,70.51338325,71.41791149,80.75255828,107,0,0,4,TRUE,FALSE,FALSE,FALSE,FALSE,FALSE
05-04-2022,25278,28.47128964,1.5,87.9774491,100,3,100.556,34.69379261,94.86547082,65.44326005,101,1,0,4,FALSE,FALSE,FALSE,FALSE,TRUE,FALSE
05-04-2022,50491,43.23356829,1.5,100,100,3,150.982,39.98451987,78.58887825,98.88076838,105,1,0,4,TRUE,FALSE,FALSE,FALSE,FALSE,FALSE
06-04-2022,33908,21.50356265,1.5,100,100,5,117.816,79.77338095,63.95809207,84.13209007,92,2,0,4,FALSE,FALSE,FALSE,TRUE,FALSE,FALSE
06-04-2022,24639,43.89635241,1.319445206,81.30097543,100,1,99.278,24.7323552,74.64053567,94.01740979,87,2,0,4,TRUE,FALSE,FALSE,FALSE,FALSE,FALSE
07-04-2022,38586,22.92395492,1.5,100,100,2,127.172,71.87132784,60.20850074,96.68082596,100,3,0,4,FALSE,FALSE,TRUE,FALSE,FALSE,FALSE
07-04-2022,24897,35.28231942,1.348057202,90.83852355,100,3,99.794,62.09302751,81.279272,80.42561713,97,3,0,4,TRUE,FALSE,FALSE,FALSE,FALSE,FALSE
08-04-2022,47572,43.69825681,1.5,100,100,3,145.144,55.19797276,82.37608464,52.28881697,119,4,0,4,FALSE,FALSE,FALSE,FALSE,TRUE,FALSE
08-04-2022,13297,51.46083241,1.311405718,49.72556638,63.74782627,2,76.594,75.5512496,71.57796777,84.46420409,179,4,0,4,TRUE,FALSE,FALSE,FALSE,FALSE,FALSE
09-04-2022,36592,36.13757683,1.5,100,100,1,123.184,48.0108757,75.34007524,50.07128641,107,5,1,4,FALSE,TRUE,FALSE,FALSE,FALSE,FALSE
09-04-2022,24079,41.90528925,1.049504266,71.86415982,100,0,98.158,77.13059105,80.61021456,99.15082154,79,5,1,4,TRUE,FALSE,FALSE,FALSE,FALSE,FALSE
10-04-2022,38415,34.6355268,1.5,100,100,2,126.83,48.16335804,82.17820911,81.59664814,98,6,1,4,FALSE,FALSE,FALSE,FALSE,FALSE,FALSE
10-04-2022,33311,30.14409888,1.5,100,100,3,116.622,11.83993406,78.02484192,87.92776142,101,6,1,4,TRUE,FALSE,FALSE,FALSE,FALSE,FALSE
11-04-2022,12675,43.35370902,1.250520438,33.92911406,67.22493613,0,75.35,27.06386452,71.88363875,78.86011181,202,0,0,4,FALSE,TRUE,FALSE,FALSE,FALSE,FALSE
11-04-2022,25308,46.28956735,1.5,88.02416619,100,1,100.616,69.60857819,62.22188934,57.43707549,102,0,0,4,TRUE,FALSE,FALSE,FALSE,FALSE,FALSE
12-04-2022,37837,34.17113016,1.5,100,100,4,125.674,10.85312857,73.28300969,53.11218631,101,1,0,4,FALSE,FALSE,FALSE,FALSE,FALSE,FALSE
12-04-2022,22341,45.21665412,1.234941852,65.09674921,100,0,94.682,51.3985189,61.1594772,78.6688394,111,1,0,4,TRUE,FALSE,FALSE,FALSE,FALSE,FALSE
13-04-2022,30410,32.58847508,1.5,100,100,2,110.82,27.09676277,96.14331941,54.97497071,105,2,0,4,FALSE,FALSE,FALSE,FALSE,FALSE,FALSE
13-04-2022,25166,31.72862953,1.5,93.22909023,100,2,100.332,36.42483964,72.6832967,76.80281772,105,2,0,4,TRUE,FALSE,FALSE,FALSE,FALSE,FALSE
14-04-2022,12829,54.26708473,1.365041009,47.37397375,67.43194942,1,75.658,39.88764759,96.08469235,82.5484286,196,3,0,4,FALSE,FALSE,FALSE,FALSE,FALSE,FALSE
14-04-2022,21442,46.0608271,1.320164025,71.16069636,100,1,92.884,38.70627783,92.32851322,88.50797615,91,3,0,4,TRUE,FALSE,FALSE,FALSE,FALSE,FALSE
15-04-2022,13816,58.47678086,1.291483699,51.27756364,71.78772688,1,77.632,38.29650291,91.0451989,97.67134917,175,4,0,4,FALSE,FALSE,FALSE,FALSE,FALSE,FALSE
15-04-2022,37085,22.77637193,1.5,100,100,2,124.17,77.85800788,92.39526343,87.55768518,108,4,0,4,TRUE,TRUE,FALSE,FALSE,FALSE,FALSE
16-04-2022,52085,43.22342299,1.5,100,100,3,154.17,17.73040599,78.86348266,62.19119263,95,5,1,4,FALSE,FALSE,FALSE,FALSE,FALSE,TRUE
17-04-2022,12674,60.16347466,1.264590708,50.22288853,66.20960787,3,75.348,17.62171312,78.36519631,89.38005732,154,6,1,4,FALSE,FALSE,FALSE,FALSE,FALSE,FALSE
17-04-2022,24603,39.87506609,1.128407924,77.3164814,100,2,99.206,28.98550643,91.79321046,61.46594752,88,6,1,4,TRUE,TRUE,FALSE,FALSE,FALSE,FALSE
18-04-2022,25666,37.26592126,1.5,81.6949816,100,3,101.332,20.09759199,81.65717577,80.72168274,99,0,0,4,FALSE,FALSE,FALSE,FALSE,FALSE,FALSE
18-04-2022,34433,54.192813,1.5,100,100,1,118.866,56.79675969,93.80422564,67.73135472,93,0,0,4,TRUE,FALSE,FALSE,FALSE,FALSE,FALSE
19-04-2022,40077,24.80031281,1.5,100,100,1,130.154,17.34330704,94.88441635,75.83302479,97,1,0,4,FALSE,FALSE,FALSE,FALSE,FALSE,FALSE
19-04-2022,35509,41.70957572,1.5,100,100,1,121.018,11.29888773,84.39246632,96.04032935,85,1,0,4,TRUE,FALSE,FALSE,FALSE,FALSE,FALSE
20-04-2022,39051,36.25558522,1.5,100,100,3,128.102,12.15270584,97.37498162,57.38641529,110,2,0,4,FALSE,TRUE,FALSE,FALSE,FALSE,FALSE
20-04-2022,40631,20,1.5,100,100,5,131.262,56.72701728,85.98931395,95.06043679,103,2,0,4,TRUE,FALSE,FALSE,FALSE,FALSE,FALSE
21-04-2022,24205,38.73499784,1.275439808,77.20632768,100,0,98.41,16.95053424,88.07019089,68.40348526,105,3,0,4,FALSE,FALSE,TRUE,FALSE,FALSE,FALSE
21-04-2022,38097,41.7297996,1.5,100,100,3,126.194,60.1722468,71.98791326,58.31813622,88,3,0,4,TRUE,FALSE,FALSE,FALSE,FALSE,FALSE
22-04-2022,36123,40.54967165,1.5,100,100,1,122.246,61.53663177,89.2887024,58.25743561,124,4,0,4,FALSE,FALSE,FALSE,FALSE,FALSE,FALSE
22-04-2022,26105,30.27315612,1.5,77.20790092,100,3,102.21,13.54517285,95.32611945,92.06070728,95,4,0,4,TRUE,FALSE,FALSE,FALSE,FALSE,FALSE
23-04-2022,45339,29.16439452,1.5,100,100,0,140.678,25.47461055,78.22734666,66.5502168,106,5,1,4,FALSE,FALSE,FALSE,FALSE,FALSE,FALSE
23-04-2022,43255,34.68839635,1.5,100,100,3,136.51,71.73736995,94.08279351,75.31831268,100,5,1,4,TRUE,FALSE,FALSE,FALSE,TRUE,FALSE
24-04-2022,37670,26.86977148,1.5,100,100,0,125.34,17.59105324,88.97427739,57.08576041,99,6,1,4,FALSE,FALSE,FALSE,FALSE,FALSE,FALSE
24-04-2022,28992,26.84688885,1.5,100,100,2,107.984,69.28990198,73.11554875,85.09724123,76,6,1,4,TRUE,FALSE,FALSE,FALSE,FALSE,FALSE
25-04-2022,37842,31.40159539,1.5,100,100,0,125.684,37.82610261,97.91220073,62.48250464,114,0,0,4,FALSE,FALSE,FALSE,TRUE,FALSE,FALSE
25-04-2022,35550,23.84579996,1.5,100,100,2,121.1,40.02465954,70.9898013,78.96818087,79,0,0,4,TRUE,TRUE,FALSE,FALSE,FALSE,FALSE
26-04-2022,43058,23.07921735,1.5,100,100,2,136.116,59.57371566,73.21310757,59.01168259,100,1,0,4,FALSE,FALSE,FALSE,FALSE,FALSE,FALSE
26-04-2022,33428,30.54996517,1.5,100,100,4,116.856,18.24027394,96.64443375,81.50261011,98,1,0,4,TRUE,FALSE,FALSE,FALSE,FALSE,TRUE
27-04-2022,37423,20,1.5,100,100,2,124.846,40.02503413,90.48803092,97.65912985,122,2,0,4,FALSE,TRUE,FALSE,FALSE,FALSE,FALSE
27-04-2022,39916,20.28020723,1.5,100,100,4,129.832,45.21479244,79.78673129,58.74732569,107,2,0,4,TRUE,FALSE,FALSE,FALSE,FALSE,FALSE
28-04-2022,31032,41.28871254,1.5,100,100,0,112.064,73.11509244,81.82574473,93.43136327,114,3,0,4,FALSE,FALSE,FALSE,FALSE,FALSE,FALSE
28-04-2022,46471,37.94843563,1.5,100,100,3,142.942,36.02945119,88.96305687,74.99917658,102,3,0,4,TRUE,TRUE,FALSE,FALSE,FALSE,FALSE
29-04-2022,54821,43.44905923,1.5,100,100,0,159.642,25.41728583,86.62136001,94.75728684,105,4,0,4,FALSE,FALSE,FALSE,FALSE,FALSE,FALSE
29-04-2022,37256,32.94642776,1.5,100,100,1,124.512,71.22056615,62.0042812,75.61576556,99,4,0,4,TRUE,FALSE,FALSE,FALSE,FALSE,FALSE
30-04-2022,25391,36.91442047,1.5,76.55688691,100,3,100.782,14.45643333,62.63350969,52.13723033,97,5,1,4,FALSE,FALSE,FALSE,FALSE,FALSE,FALSE
30-04-2022,27268,43.89002116,1.5,90.22560579,100,3,104.536,42.49868317,63.04873574,77.65816398,95,5,1,4,TRUE,FALSE,FALSE,FALSE,FALSE,TRUE
01-05-2022,11109,25.51621493,1.104251719,30.48254541,51.9342748,0,72.218,44.54091904,62.51905761,97.32290473,212,6,1,5,FALSE,FALSE,FALSE,FALSE,FALSE,FALSE
01-05-2022,49897,50.51122589,1.5,100,100,0,149.794,58.31633334,63.93245841,55.771682,107,6,1,5,TRUE,FALSE,FALSE,TRUE,FALSE,FALSE
02-05-2022,30608,52.47059145,1.5,100,100,1,111.216,73.90172217,86.7581231,71.89930108,102,0,0,5,FALSE,TRUE,FALSE,FALSE,FALSE,FALSE
02-05-2022,21812,63.12356293,1.237839382,71.10638264,100,3,93.624,21.56665231,76.58750839,89.31469644,97,0,0,5,TRUE,FALSE,FALSE,FALSE,FALSE,FALSE
03-05-2022,23214,56.07272972,1.329659762,74.0463563,100,1,96.428,76.37449433,82.94423144,75.39100073,111,1,0,5,FALSE,FALSE,FALSE,FALSE,FALSE,FALSE
03-05-2022,20585,56.32287375,1.185690066,65.17825102,100,1,91.17,79.81411845,91.47516791,63.68331271,93,1,0,5,TRUE,FALSE,TRUE,FALSE,FALSE,TRUE
04-05-2022,23912,54.87320712,1.054254881,77.39127743,100,1,97.824,40.67592462,92.26544487,79.29845893,103,2,0,5,TRUE,FALSE,FALSE,FALSE,FALSE,FALSE
05-05-2022,30798,38.36722982,1.5,100,100,3,111.596,76.31369585,93.80449652,99.12939058,106,3,0,5,FALSE,FALSE,FALSE,FALSE,FALSE,FALSE
06-05-2022,46696,56.74837707,1.5,100,100,1,143.392,35.59903711,65.55161889,84.48443403,99,4,0,5,FALSE,FALSE,FALSE,FALSE,FALSE,FALSE
07-05-2022,44744,28.90097293,1.5,100,100,2,139.488,50.49296461,99.44999426,99.99504885,113,5,1,5,FALSE,FALSE,FALSE,FALSE,FALSE,FALSE
08-05-2022,11286,61.55433081,1.122883355,30.70121587,59.82903955,0,72.572,30.28848237,72.25531575,58.0452642,200,6,1,5,TRUE,FALSE,FALSE,FALSE,FALSE,FALSE
09-05-2022,22545,57.17548022,1.054028143,71.44755452,100,7,95.09,26.12944657,69.30712707,83.11577622,100,0,0,5,FALSE,FALSE,FALSE,TRUE,FALSE,TRUE
09-05-2022,37490,23.41998193,1.5,100,100,4,124.98,49.02491318,67.73718367,84.07229381,120,0,0,5,TRUE,FALSE,FALSE,FALSE,FALSE,FALSE
10-05-2022,21238,42.67400762,1.034939195,75.14789068,100,2,92.476,61.8603841,64.40381221,83.48740588,109,1,0,5,FALSE,FALSE,FALSE,FALSE,TRUE,FALSE
10-05-2022,23432,51.12821044,1.052065438,84.64032721,100,3,96.864,56.6328333,74.61278253,52.97014869,111,1,0,5,TRUE,FALSE,FALSE,FALSE,FALSE,FALSE
11-05-2022,24471,56.51515146,1.253452975,75.31958662,100,6,98.942,28.95852264,62.67388879,50.43406046,103,2,0,5,FALSE,FALSE,FALSE,FALSE,FALSE,FALSE
12-05-2022,36038,31.92710161,1.5,100,100,1,122.076,34.82926307,96.72912223,99.82770541,121,3,0,5,FALSE,FALSE,FALSE,FALSE,FALSE,FALSE
12-05-2022,41356,26.43998965,1.5,100,100,3,132.712,74.88814996,88.08257032,70.70139619,103,3,0,5,TRUE,FALSE,FALSE,FALSE,FALSE,FALSE
13-05-2022,37075,30.91500482,1.5,100,100,2,124.15,73.19257105,79.32404368,64.04805266,108,4,0,5,TRUE,FALSE,FALSE,FALSE,FALSE,TRUE
14-05-2022,22198,66.04179275,1.364206404,73.82610766,100,3,94.396,70.3421612,83.87312885,79.57551099,103,5,1,5,FALSE,FALSE,FALSE,FALSE,FALSE,TRUE
14-05-2022,23166,47.21304894,1.150123137,68.4805214,100,1,96.332,36.01393329,97.20957964,72.11945586,110,5,1,5,TRUE,FALSE,FALSE,FALSE,FALSE,FALSE
15-05-2022,22841,53.22842073,1.368959211,80.3184003,100,0,95.682,50.79355794,92.84568508,93.07951764,106,6,1,5,TRUE,FALSE,FALSE,FALSE,FALSE,FALSE
16-05-2022,51625,54.3756272,1.5,100,100,2,153.25,11.46665192,62.03134557,80.46978817,103,0,0,5,FALSE,FALSE,FALSE,FALSE,FALSE,FALSE
16-05-2022,11859,44.31561631,1.360061901,44.03446326,64.2561517,0,73.718,71.49400934,84.12217072,72.65627035,188,0,0,5,TRUE,FALSE,TRUE,FALSE,FALSE,FALSE
17-05-2022,31178,23.20826781,1.5,100,100,3,112.356,54.116671,77.46284493,72.83144946,110,1,0,5,TRUE,FALSE,TRUE,FALSE,FALSE,FALSE
18-05-2022,49780,37.78923097,1.5,100,100,2,149.56,60.067007,89.42754995,99.84554446,108,2,0,5,TRUE,FALSE,FALSE,FALSE,FALSE,FALSE
19-05-2022,34525,48.46480596,1.5,100,100,0,119.05,61.49369052,61.71547039,59.52951506,105,3,0,5,FALSE,FALSE,FALSE,FALSE,TRUE,FALSE
19-05-2022,46721,40.1486118,1.5,100,100,3,143.442,30.33565889,84.34076393,67.86843396,109,3,0,5,TRUE,FALSE,FALSE,FALSE,FALSE,FALSE
20-05-2022,45393,42.79874528,1.5,100,100,1,140.786,57.02893803,60.14463447,55.48687236,96,4,0,5,FALSE,FALSE,TRUE,FALSE,FALSE,FALSE
20-05-2022,21303,45.99229623,1.11251138,71.33010584,100,0,92.606,30.76876883,97.06485394,71.45616589,101,4,0,5,TRUE,TRUE,FALSE,FALSE,FALSE,FALSE
21-05-2022,25966,35.12390076,1.5,93.92848197,100,1,101.932,78.29431458,84.31092896,89.05488776,98,5,1,5,FALSE,FALSE,FALSE,FALSE,FALSE,FALSE
21-05-2022,29655,32.46666259,1.5,92.39193389,100,4,109.31,53.63595322,95.91801374,58.38486615,104,5,1,5,TRUE,FALSE,FALSE,FALSE,FALSE,FALSE
22-05-2022,24370,44.33240822,1.096250091,89.2662418,100,0,98.74,42.71186647,97.94194869,70.92827991,113,6,1,5,FALSE,FALSE,FALSE,FALSE,FALSE,FALSE
23-05-2022,38115,23.36460159,1.5,100,100,1,126.23,33.93484132,96.36895718,95.56540816,102,0,0,5,FALSE,FALSE,TRUE,FALSE,FALSE,FALSE
23-05-2022,33825,33.57173361,1.5,100,100,2,117.65,46.90082127,64.29697952,60.03710916,115,0,0,5,TRUE,TRUE,FALSE,FALSE,FALSE,TRUE
24-05-2022,29697,20,1.5,100,100,2,109.394,34.46380841,87.19164805,85.13732872,104,1,0,5,FALSE,FALSE,FALSE,FALSE,FALSE,FALSE
24-05-2022,48449,34.68777041,1.5,100,100,1,146.898,41.70530094,60.87705719,72.25226417,108,1,0,5,TRUE,FALSE,FALSE,FALSE,FALSE,FALSE
25-05-2022,45943,44.4890537,1.5,100,100,3,141.886,19.72532606,78.75114953,99.93964254,89,2,0,5,TRUE,FALSE,FALSE,FALSE,FALSE,FALSE
26-05-2022,26324,74.42331011,1.5,89.95217764,100,3,102.648,40.40764257,68.40804858,93.76525784,100,3,0,5,FALSE,FALSE,FALSE,FALSE,FALSE,FALSE
26-05-2022,40716,37.90795807,1.5,100,100,4,131.432,15.09708287,73.9319767,86.87435431,105,3,0,5,TRUE,FALSE,FALSE,FALSE,FALSE,FALSE
27-05-2022,34959,20,1.5,100,100,2,119.918,26.82179458,84.55225605,81.06485171,96,4,0,5,FALSE,FALSE,TRUE,FALSE,FALSE,FALSE
27-05-2022,33490,43.29223586,1.5,100,100,1,116.98,24.75983533,82.35203337,97.48935507,103,4,0,5,TRUE,FALSE,FALSE,TRUE,FALSE,FALSE
28-05-2022,25210,26.31824981,1.5,75.04128922,100,1,100.42,62.49421955,78.35251713,58.17255545,92,5,1,5,FALSE,FALSE,FALSE,FALSE,FALSE,FALSE
28-05-2022,10466,27.5843035,1.133527827,36.04146147,50.7895749,0,70.932,65.82664832,66.48437422,80.95573477,200,5,1,5,TRUE,TRUE,FALSE,FALSE,FALSE,FALSE
29-05-2022,38799,28.88634353,1.5,100,100,2,127.598,76.01756474,70.66390307,96.83441196,110,6,1,5,FALSE,TRUE,FALSE,FALSE,FALSE,FALSE
29-05-2022,24813,51.6177848,1.085281713,85.01186732,100,1,99.626,29.70633647,63.84976497,73.34791493,103,6,1,5,TRUE,FALSE,FALSE,FALSE,FALSE,FALSE
30-05-2022,39009,37.31792763,1.5,100,100,2,128.018,78.58671217,99.32874259,61.16149651,81,0,0,5,FALSE,FALSE,FALSE,FALSE,FALSE,FALSE
30-05-2022,51607,30.62764058,1.5,100,100,1,153.214,37.47428609,95.87112467,62.07415181,106,0,0,5,TRUE,FALSE,FALSE,FALSE,FALSE,FALSE
31-05-2022,38325,47.03710535,1.5,100,100,4,126.65,49.13474093,70.60174115,69.22165487,110,1,0,5,FALSE,FALSE,FALSE,FALSE,FALSE,FALSE
31-05-2022,38050,33.49207525,1.5,100,100,3,126.1,13.05127041,79.96734098,56.27290448,111,1,0,5,TRUE,FALSE,FALSE,FALSE,FALSE,FALSE
01-06-2022,23207,47.13942301,1.050966208,85.20834219,100,2,96.414,26.55217032,84.91200554,55.77071195,87,2,0,6,FALSE,FALSE,FALSE,TRUE,FALSE,FALSE
01-06-2022,46932,51.76021459,1.5,100,100,0,143.864,79.48583231,60.9128292,77.49417797,94,2,0,6,TRUE,FALSE,FALSE,FALSE,FALSE,FALSE
02-06-2022,35247,20.43062454,1.5,100,100,3,120.494,15.04693484,66.24419991,52.73799656,97,3,0,6,FALSE,FALSE,FALSE,TRUE,FALSE,FALSE
02-06-2022,36395,20,1.5,100,100,2,122.79,49.36435223,71.14601362,69.43065304,116,3,0,6,TRUE,FALSE,FALSE,FALSE,FALSE,FALSE
03-06-2022,47439,48.77209807,1.5,100,100,3,144.878,46.82635864,87.03418951,86.34410282,96,4,0,6,FALSE,FALSE,TRUE,FALSE,FALSE,FALSE
03-06-2022,22317,62.41922532,1.009688935,71.32723741,100,3,94.634,25.35776974,81.041745,50.552318,99,4,0,6,TRUE,FALSE,FALSE,TRUE,FALSE,FALSE
04-06-2022,51835,21.43175849,1.5,100,100,3,153.67,79.00373241,92.00073926,93.44045358,106,5,1,6,FALSE,FALSE,FALSE,FALSE,FALSE,FALSE
04-06-2022,20001,60.58626517,1.260666398,66.34586466,100,1,90.002,33.06030164,77.47262346,98.1029224,96,5,1,6,TRUE,FALSE,FALSE,TRUE,FALSE,FALSE
05-06-2022,27483,42.84825369,1.5,95.21545238,100,3,104.966,55.84137172,83.4778226,57.79194924,91,6,1,6,FALSE,FALSE,TRUE,FALSE,FALSE,FALSE
05-06-2022,23498,58.97918915,1.129586773,83.10875739,100,1,96.996,32.3010914,72.77267402,66.48765461,100,6,1,6,TRUE,FALSE,FALSE,FALSE,FALSE,FALSE
06-06-2022,22044,32.92544319,1.169549897,76.58814246,100,0,94.088,36.12950281,94.22518465,74.91757554,93,0,0,6,FALSE,FALSE,FALSE,TRUE,FALSE,FALSE
06-06-2022,36454,49.01069356,1.5,100,100,1,122.908,39.21907767,73.42344841,67.52044724,84,0,0,6,TRUE,FALSE,FALSE,FALSE,FALSE,FALSE
07-06-2022,36859,24.11924327,1.5,100,100,2,123.718,69.58906708,75.76458305,85.48411615,88,1,0,6,FALSE,FALSE,FALSE,FALSE,FALSE,FALSE
07-06-2022,31519,37.22058059,1.5,100,100,1,113.038,57.33047749,97.15383904,57.06786216,97,1,0,6,TRUE,TRUE,FALSE,FALSE,FALSE,FALSE
08-06-2022,43089,35.43804557,1.5,100,100,0,136.178,16.3416084,66.27125421,56.81445388,93,2,0,6,FALSE,FALSE,FALSE,FALSE,FALSE,FALSE
08-06-2022,44466,35.58244361,1.5,100,100,1,138.932,33.06043168,75.55591323,65.31288382,87,2,0,6,TRUE,FALSE,FALSE,TRUE,FALSE,FALSE
09-06-2022,23420,64.32963175,1.131624514,73.36943474,100,1,96.84,34.52389815,63.4471531,59.29671972,90,3,0,6,FALSE,FALSE,FALSE,FALSE,FALSE,FALSE
09-06-2022,27215,39.16396259,1.5,93.37752514,100,1,104.43,61.19953632,70.90621053,78.59361273,92,3,0,6,TRUE,FALSE,FALSE,FALSE,FALSE,FALSE
10-06-2022,53060,22.4453199,1.5,100,100,2,156.12,66.75669275,62.76019357,54.72872431,95,4,0,6,FALSE,FALSE,FALSE,FALSE,FALSE,FALSE
10-06-2022,45182,40.57102447,1.5,100,100,2,140.364,72.65310015,73.28955464,78.92982348,92,4,0,6,TRUE,TRUE,FALSE,FALSE,FALSE,FALSE
11-06-2022,35179,30.2595886,1.5,100,100,4,120.358,73.56081392,63.67007551,66.54741974,90,5,1,6,FALSE,FALSE,TRUE,FALSE,FALSE,FALSE
11-06-2022,49200,29.83071739,1.5,100,100,1,148.4,52.31490148,79.08452127,50.21375623,92,5,1,6,TRUE,FALSE,FALSE,FALSE,FALSE,FALSE
12-06-2022,36913,32.56577247,1.5,100,100,0,123.826,30.38744781,65.73132457,81.51522388,123,6,1,6,FALSE,FALSE,FALSE,FALSE,FALSE,FALSE
12-06-2022,37405,36.05111977,1.5,100,100,3,124.81,61.14116215,86.88149515,73.67619825,105,6,1,6,TRUE,TRUE,FALSE,FALSE,FALSE,FALSE
13-06-2022,12847,35.49761279,1.11216192,43.04681031,68.3874827,0,75.694,66.77558556,62.61087994,56.33974222,205,0,0,6,FALSE,FALSE,FALSE,FALSE,FALSE,FALSE
13-06-2022,33920,42.22409168,1.5,100,100,0,117.84,61.4316933,61.85685542,91.89500254,116,0,0,6,TRUE,FALSE,FALSE,FALSE,FALSE,FALSE
14-06-2022,45022,49.23437923,1.5,100,100,2,140.044,70.52454611,61.05159396,95.54985111,94,1,0,6,FALSE,FALSE,FALSE,FALSE,FALSE,FALSE
14-06-2022,44114,40.64514442,1.5,100,100,5,138.228,70.38967121,76.82824282,86.6210888,94,1,0,6,TRUE,FALSE,FALSE,FALSE,FALSE,FALSE
15-06-2022,21497,55.61396043,1.106812935,77.93143788,100,3,92.994,42.39877915,80.11552227,60.17265253,115,2,0,6,FALSE,FALSE,FALSE,TRUE,FALSE,FALSE
15-06-2022,11348,46.15876743,1.312187216,29.30164764,57.14013986,0,72.696,74.05187464,78.05324853,94.92316742,191,2,0,6,TRUE,FALSE,TRUE,FALSE,FALSE,FALSE
16-06-2022,35829,21.28904814,1.5,100,100,2,121.658,27.89495609,81.32710375,64.01100768,101,3,0,6,FALSE,TRUE,FALSE,FALSE,FALSE,FALSE
16-06-2022,32295,50.5305977,1.5,100,100,2,114.59,46.93937947,97.66162,80.95552188,107,3,0,6,TRUE,FALSE,FALSE,FALSE,FALSE,FALSE
17-06-2022,24363,42.88497993,1.164710916,78.16787882,100,2,98.726,72.38762692,73.14838398,50.63283851,97,4,0,6,FALSE,FALSE,FALSE,FALSE,FALSE,FALSE
17-06-2022,21313,32.71846296,1.369237778,62.01849531,100,0,92.626,72.56649178,63.84209054,70.57213833,97,4,0,6,TRUE,FALSE,FALSE,FALSE,FALSE,FALSE
18-06-2022,40783,22.892842,1.5,100,100,1,131.566,74.96367668,75.67877849,52.16766071,106,5,1,6,FALSE,FALSE,FALSE,FALSE,FALSE,FALSE
18-06-2022,41105,43.55001635,1.5,100,100,2,132.21,56.36569666,77.88613697,98.62789815,110,5,1,6,TRUE,TRUE,FALSE,FALSE,FALSE,FALSE
19-06-2022,48190,25.13226382,1.5,100,100,4,146.38,48.91122843,69.04823063,81.815642,120,6,1,6,FALSE,FALSE,FALSE,FALSE,FALSE,FALSE
19-06-2022,23997,35.9474384,1.283338832,85.01362323,100,1,97.994,17.30102261,74.49885244,64.96600546,104,6,1,6,TRUE,FALSE,FALSE,FALSE,FALSE,FALSE
20-06-2022,34662,30.83739736,1.5,100,100,1,119.324,50.61636764,88.82295072,66.55373693,103,0,0,6,FALSE,FALSE,FALSE,FALSE,FALSE,FALSE
20-06-2022,20972,47.52448555,1.328544717,60.76458486,100,0,91.944,51.22592489,89.19546658,62.96303641,100,0,0,6,TRUE,FALSE,FALSE,FALSE,FALSE,TRUE
21-06-2022,50507,27.64785622,1.5,100,100,3,151.014,26.95523506,87.25761062,59.75765303,104,1,0,6,FALSE,FALSE,FALSE,TRUE,FALSE,FALSE
21-06-2022,31619,32.24147285,1.5,100,100,0,113.238,77.03266382,86.62248625,55.12674906,111,1,0,6,TRUE,FALSE,FALSE,FALSE,FALSE,FALSE
22-06-2022,33610,30.38301284,1.5,100,100,2,117.22,42.76004908,85.782224,87.58081312,95,2,0,6,FALSE,FALSE,FALSE,FALSE,FALSE,FALSE
22-06-2022,25893,33.20201647,1.5,87.77651579,100,0,101.786,42.21227896,76.7631412,80.01030882,110,2,0,6,TRUE,FALSE,FALSE,TRUE,FALSE,FALSE
23-06-2022,25484,49.15005753,1.5,84.63609315,100,3,100.968,36.09119996,61.62420888,61.62094222,114,3,0,6,FALSE,FALSE,FALSE,FALSE,FALSE,FALSE
23-06-2022,31893,45.25493586,1.5,100,100,2,113.786,22.22472053,63.10849848,84.98028738,113,3,0,6,TRUE,FALSE,FALSE,TRUE,FALSE,FALSE
24-06-2022,19998,54.53348255,1.20231115,69.07515684,100,0,89.996,16.09046109,85.08847676,69.70654244,89,4,0,6,FALSE,FALSE,FALSE,FALSE,FALSE,FALSE
25-06-2022,36912,35.94961489,1.5,100,100,2,123.824,35.13678321,93.93508555,69.2012291,99,5,1,6,FALSE,FALSE,FALSE,FALSE,FALSE,TRUE
25-06-2022,38935,57.1153541,1.5,100,100,3,127.87,13.79888416,66.10485231,70.97995461,103,5,1,6,TRUE,TRUE,FALSE,FALSE,FALSE,FALSE
26-06-2022,23093,45.63065029,1.12421471,83.09634256,100,1,96.186,23.86230478,75.72765831,74.39167364,95,6,1,6,FALSE,FALSE,FALSE,FALSE,FALSE,FALSE
26-06-2022,35604,34.99176811,1.5,100,100,0,121.208,41.12383845,89.42213289,98.08388973,96,6,1,6,TRUE,FALSE,TRUE,FALSE,FALSE,FALSE
27-06-2022,37366,28.46577621,1.5,100,100,3,124.732,54.2558687,74.93761045,95.38090524,72,0,0,6,FALSE,FALSE,TRUE,FALSE,FALSE,FALSE
27-06-2022,38152,25.07730287,1.5,100,100,1,126.304,13.06808918,61.18471433,90.03411782,94,0,0,6,TRUE,TRUE,FALSE,FALSE,FALSE,FALSE
28-06-2022,24634,62.89630697,1.373150032,76.88585231,100,2,99.268,41.89543847,77.10322948,53.65698105,97,1,0,6,FALSE,FALSE,FALSE,FALSE,FALSE,FALSE
29-06-2022,44583,41.85659011,1.5,100,100,4,139.166,31.30235433,85.73684261,71.62806204,110,2,0,6,FALSE,FALSE,FALSE,FALSE,FALSE,FALSE
29-06-2022,25795,33.02407039,1.5,83.17368718,100,1,101.59,48.12444912,65.89745745,90.87218932,91,2,0,6,TRUE,FALSE,FALSE,FALSE,FALSE,FALSE
30-06-2022,24500,53.26128634,1.169269941,84.13032589,100,4,99,79.84210947,65.87863364,86.83645744,87,3,0,6,FALSE,FALSE,FALSE,FALSE,FALSE,FALSE
30-06-2022,12286,34.74128478,1.207325856,34.32463595,57.72359228,0,74.572,13.42450836,94.94941212,90.35414599,213,3,0,6,TRUE,FALSE,FALSE,FALSE,FALSE,FALSE
01-07-2022,23806,32.15411169,1.318792561,76.16656716,100,3,97.612,64.16267298,69.71808001,64.04062736,103,4,0,7,TRUE,FALSE,FALSE,FALSE,FALSE,FALSE
02-07-2022,39984,38.47410478,1.5,100,100,1,129.968,67.22282265,61.72136733,56.86986905,93,5,1,7,TRUE,FALSE,FALSE,FALSE,TRUE,FALSE
03-07-2022,32561,29.8975021,1.5,100,100,6,115.122,40.17977215,96.16881021,81.07836172,113,6,1,7,FALSE,FALSE,FALSE,TRUE,FALSE,FALSE
03-07-2022,34348,43.43383453,1.5,100,100,1,118.696,16.90704687,64.01866317,63.11339527,92,6,1,7,TRUE,FALSE,FALSE,FALSE,FALSE,FALSE
04-07-2022,12518,31.05526644,1.230653119,37.51501714,59.66611366,2,75.036,19.32263239,85.68655955,90.22207258,213,0,0,7,FALSE,FALSE,TRUE,FALSE,FALSE,FALSE
04-07-2022,36945,47.37710696,1.5,100,100,1,123.89,17.54195671,91.3935053,59.91189628,114,0,0,7,TRUE,TRUE,FALSE,FALSE,FALSE,TRUE
05-07-2022,39092,40.60021515,1.5,100,100,1,128.184,67.29489915,92.42966816,74.76676735,102,1,0,7,FALSE,FALSE,FALSE,FALSE,FALSE,TRUE
05-07-2022,45766,47.15774756,1.5,100,100,3,141.532,73.75419709,71.03833303,61.21435182,105,1,0,7,TRUE,FALSE,FALSE,FALSE,FALSE,TRUE
06-07-2022,44582,34.51600949,1.5,100,100,1,139.164,63.28499335,97.51755759,69.46301487,92,2,0,7,TRUE,FALSE,FALSE,FALSE,FALSE,FALSE
07-07-2022,24195,35.97380209,1.344166645,87.98437456,100,3,98.39,43.33779185,87.2246523,93.83263031,109,3,0,7,FALSE,FALSE,FALSE,FALSE,FALSE,FALSE
07-07-2022,25695,36.76095488,1.5,93.88117362,100,2,101.39,72.57569216,65.96595214,83.11743201,103,3,0,7,TRUE,FALSE,FALSE,FALSE,FALSE,TRUE
08-07-2022,36751,23.26301189,1.5,100,100,5,123.502,19.45335991,81.90038591,59.04865577,96,4,0,7,FALSE,FALSE,FALSE,FALSE,FALSE,FALSE
08-07-2022,40282,20,1.5,100,100,6,130.564,49.56096008,93.39682573,61.07665028,113,4,0,7,TRUE,TRUE,FALSE,FALSE,FALSE,TRUE
09-07-2022,36030,41.3125792,1.5,100,100,0,122.06,48.3708451,72.59560747,76.20126916,91,5,1,7,FALSE,FALSE,FALSE,FALSE,TRUE,FALSE
09-07-2022,44850,42.43365231,1.5,100,100,2,139.7,39.46803023,68.65478071,77.12655442,108,5,1,7,TRUE,FALSE,FALSE,FALSE,FALSE,TRUE
10-07-2022,23948,32.22086893,1.020206047,70.55490124,100,1,97.896,30.7239838,79.09469415,69.71443507,87,6,1,7,FALSE,TRUE,FALSE,FALSE,FALSE,FALSE
10-07-2022,25989,34.98692466,1.5,86.00445698,100,0,101.978,76.07486467,89.72037636,65.64834864,94,6,1,7,TRUE,FALSE,FALSE,FALSE,FALSE,FALSE
11-07-2022,20542,32.01185142,1.266478643,65.63979858,97.91343937,0,91.084,25.69064463,61.15228551,73.54214758,91,0,0,7,FALSE,FALSE,FALSE,FALSE,FALSE,FALSE
12-07-2022,21955,34.13710826,1.156218393,79.46594062,100,2,93.91,33.12069361,94.89131556,95.86669601,122,1,0,7,FALSE,FALSE,TRUE,FALSE,FALSE,FALSE
12-07-2022,38540,41.83619751,1.5,100,100,2,127.08,16.67280936,67.4812892,83.17300491,99,1,0,7,TRUE,FALSE,FALSE,FALSE,FALSE,FALSE
13-07-2022,41154,33.4562796,1.5,100,100,2,132.308,17.12735922,81.93067787,82.59223092,88,2,0,7,FALSE,FALSE,FALSE,FALSE,FALSE,FALSE
13-07-2022,39121,40.37706651,1.5,100,100,3,128.242,51.31552662,85.17402364,67.15058831,98,2,0,7,TRUE,FALSE,TRUE,FALSE,FALSE,FALSE
14-07-2022,39117,29.6628524,1.5,100,100,0,128.234,15.9722477,86.33558237,69.26674007,113,3,0,7,FALSE,FALSE,FALSE,FALSE,FALSE,FALSE
14-07-2022,32877,39.48850831,1.5,100,100,3,115.754,35.44372134,63.78909941,72.6762671,103,3,0,7,TRUE,FALSE,FALSE,FALSE,FALSE,FALSE
15-07-2022,54002,26.89066775,1.5,100,100,2,158.004,30.87340115,65.35697405,72.69930989,100,4,0,7,FALSE,TRUE,FALSE,FALSE,FALSE,FALSE
15-07-2022,26735,20.14704818,1.5,91.22336808,100,8,103.47,67.48426957,78.77441923,60.60155302,116,4,0,7,TRUE,FALSE,FALSE,FALSE,FALSE,FALSE
16-07-2022,12758,37.85886233,1.356503932,43.10904029,62.32343396,0,75.516,57.75249682,71.13786443,52.75068575,207,5,1,7,FALSE,FALSE,FALSE,FALSE,FALSE,FALSE
16-07-2022,11596,52.83431187,1.035466588,43.8484809,58.22427234,0,73.192,38.42688392,60.85649582,83.13492688,194,5,1,7,TRUE,FALSE,FALSE,TRUE,FALSE,FALSE
17-07-2022,33369,30.59483056,1.5,100,100,2,116.738,51.89144006,61.17814836,99.48412475,107,6,1,7,FALSE,FALSE,FALSE,FALSE,FALSE,TRUE
17-07-2022,22825,31.76204555,1.237169235,79.51743767,100,2,95.65,17.07800633,81.9173876,79.19792012,91,6,1,7,TRUE,FALSE,TRUE,FALSE,FALSE,FALSE
18-07-2022,55689,47.49630314,1.5,100,100,3,161.378,68.77787793,65.94727047,77.26122096,95,0,0,7,FALSE,FALSE,FALSE,FALSE,FALSE,FALSE
18-07-2022,12844,58.52042369,1.357974372,43.20643245,64.52024426,1,75.688,12.58387188,69.20183303,61.90067059,193,0,0,7,TRUE,FALSE,TRUE,FALSE,FALSE,FALSE
19-07-2022,26938,36.2283232,1.5,88.43311275,100,0,103.876,56.41077024,76.93359882,56.26854463,105,1,0,7,FALSE,FALSE,FALSE,FALSE,FALSE,FALSE
20-07-2022,33834,30.11593567,1.5,100,100,3,117.668,38.60826071,64.95911977,88.12646261,95,2,0,7,FALSE,FALSE,FALSE,FALSE,FALSE,FALSE
20-07-2022,12544,46.13993589,1.258821622,33.52780379,63.12480382,1,75.088,21.6838549,92.58246224,94.69535533,177,2,0,7,TRUE,FALSE,FALSE,TRUE,FALSE,FALSE
21-07-2022,48809,31.20863305,1.5,100,100,1,147.618,16.61450078,83.39152092,99.68349228,102,3,0,7,FALSE,FALSE,FALSE,FALSE,FALSE,FALSE
21-07-2022,46600,43.2469035,1.5,100,100,3,143.2,76.05761334,62.80248184,73.80800557,117,3,0,7,TRUE,FALSE,FALSE,FALSE,FALSE,FALSE
22-07-2022,11311,41.05678741,1.196217262,46.34665563,52.56200718,0,72.622,11.5662392,90.83592886,82.06130718,208,4,0,7,FALSE,FALSE,TRUE,FALSE,FALSE,FALSE
22-07-2022,31879,35.90903857,1.5,100,100,2,113.758,54.1410985,95.71488559,66.88618665,91,4,0,7,TRUE,FALSE,FALSE,TRUE,FALSE,FALSE
23-07-2022,21711,42.66517097,1.171837426,76.40383503,100,3,93.422,76.11444323,73.73465464,80.1509117,98,5,1,7,FALSE,FALSE,FALSE,FALSE,FALSE,FALSE
23-07-2022,48677,24.60251891,1.5,100,100,4,147.354,17.39474249,83.46866981,56.19293032,88,5,1,7,TRUE,TRUE,FALSE,FALSE,FALSE,FALSE
24-07-2022,38811,24.08119428,1.5,100,100,3,127.622,24.73962461,62.47322885,78.44825363,104,6,1,7,FALSE,FALSE,FALSE,FALSE,FALSE,FALSE
24-07-2022,26937,37.50800816,1.5,96.38156386,100,3,103.874,14.71347792,61.73059523,84.76826489,121,6,1,7,TRUE,FALSE,TRUE,FALSE,FALSE,FALSE
25-07-2022,52326,29.1604623,1.5,100,100,1,154.652,16.51343791,82.98172048,95.43260994,100,0,0,7,FALSE,FALSE,TRUE,FALSE,FALSE,FALSE
25-07-2022,45816,25.98264967,1.5,100,100,1,141.632,71.52753045,88.23528772,93.7689989,87,0,0,7,TRUE,FALSE,FALSE,FALSE,FALSE,TRUE
26-07-2022,13491,50.16331065,1.131726397,44.73698818,71.74261838,0,76.982,79.7587843,66.28009645,85.44669512,206,1,0,7,FALSE,FALSE,FALSE,FALSE,FALSE,FALSE
26-07-2022,51364,33.49513684,1.5,100,100,3,152.728,74.03660615,69.76928239,84.67703437,107,1,0,7,TRUE,FALSE,FALSE,FALSE,FALSE,FALSE
27-07-2022,24306,55.86233284,1.361683819,71.07263288,100,3,98.612,24.34296047,88.12031271,76.06828795,92,2,0,7,FALSE,FALSE,FALSE,FALSE,FALSE,FALSE
27-07-2022,40361,41.25776515,1.5,100,100,1,130.722,33.57850914,62.73938658,90.14101027,110,2,0,7,TRUE,FALSE,FALSE,FALSE,FALSE,FALSE
28-07-2022,24020,56.24132386,1.109221124,84.82980623,100,3,98.04,70.48867162,84.59451395,61.70813758,101,3,0,7,FALSE,FALSE,FALSE,FALSE,FALSE,FALSE
28-07-2022,22227,49.39785513,1.088879612,81.67186581,100,1,94.454,33.89867596,82.97321993,57.7656297,99,3,0,7,TRUE,FALSE,FALSE,FALSE,FALSE,FALSE
29-07-2022,34916,36.15154804,1.5,100,100,1,119.832,34.84329374,89.15566713,79.90481702,116,4,0,7,FALSE,FALSE,FALSE,FALSE,FALSE,FALSE
29-07-2022,25786,52.03862617,1.5,83.20325291,100,1,101.572,15.84820511,80.2019208,57.50611326,109,4,0,7,TRUE,FALSE,FALSE,FALSE,FALSE,FALSE
30-07-2022,43862,36.87892023,1.5,100,100,4,137.724,60.30962951,67.81198944,70.40729059,110,5,1,7,FALSE,FALSE,TRUE,FALSE,FALSE,FALSE
30-07-2022,19532,60.22639892,1.222590343,57.81733515,96.27227876,1,89.064,48.42788312,80.43320449,97.1942455,119,5,1,7,TRUE,FALSE,FALSE,FALSE,FALSE,FALSE
31-07-2022,33805,27.94507468,1.5,100,100,1,117.61,21.80973197,83.18828956,68.67557454,99,6,1,7,FALSE,TRUE,FALSE,FALSE,FALSE,FALSE
31-07-2022,21325,20.91901218,1.211866767,80.43469897,100,1,92.65,52.85822386,63.58674427,85.51721193,97,6,1,7,TRUE,FALSE,TRUE,FALSE,FALSE,FALSE
01-08-2022,39708,37.60493217,1.5,100,100,3,129.416,41.08144762,84.82608948,95.75731287,92,0,0,8,FALSE,FALSE,FALSE,FALSE,FALSE,FALSE
01-08-2022,37649,31.09260226,1.5,100,100,3,125.298,20.13372519,92.13157189,65.37712643,108,0,0,8,TRUE,FALSE,FALSE,FALSE,FALSE,FALSE
02-08-2022,24211,44.17969933,1.260079218,85.48047203,100,1,98.422,74.79302088,80.59319126,74.05499406,112,1,0,8,FALSE,FALSE,FALSE,FALSE,FALSE,TRUE
03-08-2022,23527,52.42275233,1.319596835,69.05664559,100,0,97.054,57.01018443,72.77323229,52.06819004,89,2,0,8,FALSE,FALSE,FALSE,FALSE,FALSE,FALSE
03-08-2022,37300,34.11935212,1.5,100,100,1,124.6,37.73983492,81.84315329,79.21236454,92,2,0,8,TRUE,FALSE,FALSE,FALSE,FALSE,TRUE
04-08-2022,34845,43.47761211,1.5,100,100,0,119.69,47.21235922,72.14663193,69.15514449,109,3,0,8,FALSE,FALSE,FALSE,FALSE,FALSE,FALSE
04-08-2022,34258,25.82421615,1.5,100,100,0,118.516,22.17770882,92.32977308,77.29602257,95,3,0,8,TRUE,TRUE,FALSE,FALSE,FALSE,FALSE
05-08-2022,35901,23.96657878,1.5,100,100,1,121.802,55.26800092,92.91972125,95.36536414,108,4,0,8,FALSE,FALSE,FALSE,TRUE,FALSE,FALSE
05-08-2022,36467,25.65052163,1.5,100,100,1,122.934,48.19024875,94.48780552,84.25609861,110,4,0,8,TRUE,FALSE,TRUE,FALSE,FALSE,FALSE
06-08-2022,37008,35.99762169,1.5,100,100,5,124.016,12.38674499,89.06914497,61.67380869,103,5,1,8,FALSE,FALSE,FALSE,FALSE,TRUE,TRUE
06-08-2022,53499,36.62933664,1.5,100,100,2,156.998,35.7011407,90.99953155,95.19963968,104,5,1,8,TRUE,FALSE,FALSE,FALSE,FALSE,FALSE
07-08-2022,36452,32.18874771,1.5,100,100,2,122.904,20.65616697,99.4880462,87.31231396,97,6,1,8,TRUE,FALSE,FALSE,FALSE,FALSE,TRUE
08-08-2022,49319,20,1.5,100,100,1,148.638,26.29762777,97.81998056,73.12398562,98,0,0,8,FALSE,FALSE,FALSE,FALSE,FALSE,FALSE
08-08-2022,35091,27.02392954,1.5,100,100,1,120.182,21.84045311,79.10999845,97.26499522,95,0,0,8,TRUE,FALSE,FALSE,FALSE,FALSE,FALSE
09-08-2022,24439,76.82378504,1.190284039,80.67613164,100,1,98.878,26.97344794,70.53907131,62.25379307,91,1,0,8,FALSE,FALSE,TRUE,FALSE,FALSE,FALSE
09-08-2022,42137,43.79279809,1.5,100,100,4,134.274,47.82006931,78.39935158,89.15797812,80,1,0,8,TRUE,TRUE,FALSE,FALSE,FALSE,FALSE
10-08-2022,25407,44.89274045,1.5,76.45825845,100,3,100.814,72.09677247,76.91219529,92.76967901,109,2,0,8,FALSE,FALSE,FALSE,FALSE,TRUE,FALSE
10-08-2022,24005,37.75840431,1.011282485,79.46824866,100,3,98.01,32.30056172,79.75279183,77.85379148,73,2,0,8,TRUE,TRUE,FALSE,FALSE,FALSE,FALSE
11-08-2022,33669,24.13271448,1.5,100,100,2,117.338,12.3318444,63.350768,84.94970427,100,3,0,8,FALSE,FALSE,FALSE,FALSE,FALSE,FALSE
11-08-2022,33691,44.63132362,1.5,100,100,3,117.382,37.94236915,70.00309891,50.06196879,104,3,0,8,TRUE,FALSE,FALSE,FALSE,FALSE,FALSE
12-08-2022,24191,43.57706557,1.260133651,73.87495456,100,3,98.382,54.03405872,90.82514382,94.26261127,107,4,0,8,FALSE,FALSE,FALSE,TRUE,FALSE,FALSE
12-08-2022,57597,43.298919,1.5,100,100,1,165.194,37.73032766,97.4917312,64.41532962,102,4,0,8,TRUE,FALSE,FALSE,FALSE,FALSE,FALSE
13-08-2022,24851,59.40574298,1.160635034,85.55776589,100,0,99.702,16.29039608,63.77941762,61.59669026,98,5,1,8,FALSE,FALSE,FALSE,FALSE,FALSE,TRUE
13-08-2022,49311,33.92655534,1.5,100,100,4,148.622,57.79804193,84.30404947,93.07675146,98,5,1,8,TRUE,FALSE,FALSE,FALSE,FALSE,FALSE
14-08-2022,26459,34.36920502,1.5,95.26375887,100,2,102.918,10.23525986,90.57941083,63.849914,95,6,1,8,FALSE,FALSE,FALSE,FALSE,FALSE,FALSE
14-08-2022,44254,33.93525682,1.5,100,100,3,138.508,67.43146198,71.80948437,71.31688,93,6,1,8,TRUE,FALSE,FALSE,FALSE,FALSE,FALSE
15-08-2022,26726,40.07724384,1.5,86.03772545,100,1,103.452,78.69575824,71.98923402,63.94510254,102,0,0,8,FALSE,TRUE,FALSE,FALSE,FALSE,FALSE
15-08-2022,34793,33.08173546,1.5,100,100,1,119.586,54.74195753,83.1729863,93.43927316,103,0,0,8,TRUE,FALSE,TRUE,FALSE,FALSE,FALSE
16-08-2022,43699,33.53536598,1.5,100,100,1,137.398,58.12054798,67.81541858,74.05006269,91,1,0,8,FALSE,FALSE,FALSE,FALSE,FALSE,FALSE
16-08-2022,24616,50.09154297,1.068828813,81.49717306,100,1,99.232,42.03495672,78.72812386,90.11316664,117,1,0,8,TRUE,FALSE,FALSE,FALSE,FALSE,FALSE
17-08-2022,19503,45.3700668,1.052667587,60.76500469,100,0,89.006,39.32398478,60.25605687,85.97074399,97,2,0,8,FALSE,FALSE,FALSE,FALSE,TRUE,FALSE
17-08-2022,54359,28.26880309,1.5,100,100,0,158.718,18.84137663,77.01035674,50.60463474,99,2,0,8,TRUE,FALSE,FALSE,TRUE,FALSE,FALSE
18-08-2022,52501,20,1.5,100,100,1,155.002,42.80227297,83.46549564,52.23376038,84,3,0,8,FALSE,TRUE,FALSE,FALSE,FALSE,FALSE
18-08-2022,47024,40.81671543,1.5,100,100,3,144.048,34.18757304,91.2538096,89.18053678,107,3,0,8,TRUE,TRUE,FALSE,FALSE,FALSE,FALSE
19-08-2022,36957,44.04688403,1.5,100,100,6,123.914,51.94392493,77.80394292,57.28192759,101,4,0,8,FALSE,TRUE,FALSE,FALSE,FALSE,FALSE
19-08-2022,23006,39.04095494,1.002528836,80.15627508,100,1,96.012,33.50089475,71.68204918,72.54381804,93,4,0,8,TRUE,FALSE,TRUE,FALSE,FALSE,FALSE
20-08-2022,49747,45.37890915,1.5,100,100,2,149.494,48.78793675,70.4521434,91.61934168,95,5,1,8,FALSE,FALSE,FALSE,FALSE,FALSE,FALSE
20-08-2022,34798,45.13286498,1.5,100,100,3,119.596,72.19108502,80.5674198,61.23575414,87,5,1,8,TRUE,FALSE,FALSE,FALSE,FALSE,FALSE
21-08-2022,25610,44.0492015,1.5,92.15084296,100,4,101.22,28.87700511,88.17173795,96.4205387,111,6,1,8,FALSE,FALSE,FALSE,FALSE,FALSE,FALSE
21-08-2022,35063,36.21863184,1.5,100,100,4,120.126,29.34213996,86.24317756,65.7618128,95,6,1,8,TRUE,FALSE,FALSE,FALSE,FALSE,FALSE
22-08-2022,38815,31.81797542,1.5,100,100,3,127.63,25.95041525,69.43627378,88.40040693,101,0,0,8,FALSE,FALSE,FALSE,FALSE,TRUE,FALSE
22-08-2022,35701,34.26680075,1.5,100,100,1,121.402,48.83415632,96.3159128,56.93156138,92,0,0,8,TRUE,FALSE,FALSE,FALSE,FALSE,FALSE
23-08-2022,38055,57.99777868,1.5,100,100,2,126.11,33.31765548,78.95744814,81.07846133,111,1,0,8,FALSE,FALSE,FALSE,FALSE,FALSE,FALSE
23-08-2022,26942,20,1.5,85.68685194,100,1,103.884,13.38400345,83.33930107,58.7954683,96,1,0,8,TRUE,FALSE,FALSE,TRUE,FALSE,FALSE
24-08-2022,47864,43.16844897,1.5,100,100,1,145.728,17.06840193,77.85800364,80.58458113,119,2,0,8,FALSE,TRUE,FALSE,FALSE,FALSE,FALSE
24-08-2022,54585,46.99478678,1.5,100,100,1,159.17,43.89019553,72.92589519,96.20147299,98,2,0,8,TRUE,FALSE,FALSE,TRUE,FALSE,TRUE
25-08-2022,13093,67.17974143,1.243157572,46.00944326,65.46697346,0,76.186,74.69158957,81.355269,80.86501012,190,3,0,8,FALSE,FALSE,FALSE,FALSE,FALSE,FALSE
25-08-2022,40097,26.22657471,1.5,100,100,2,130.194,44.75668522,99.06133842,53.20792808,81,3,0,8,TRUE,FALSE,FALSE,FALSE,FALSE,FALSE
26-08-2022,46715,36.80964637,1.5,100,100,2,143.43,62.94457976,95.11440715,83.25938004,104,4,0,8,FALSE,FALSE,FALSE,FALSE,FALSE,FALSE
26-08-2022,33842,46.60472505,1.5,100,100,1,117.684,59.50778735,92.67943951,93.11909592,101,4,0,8,TRUE,FALSE,TRUE,FALSE,FALSE,FALSE
27-08-2022,11925,65.92390289,1.300900902,33.58460673,58.29463042,4,73.85,73.95745258,88.56726367,97.69681244,202,5,1,8,FALSE,FALSE,FALSE,FALSE,FALSE,FALSE
27-08-2022,47121,25.40005391,1.5,100,100,2,144.242,16.22723036,61.40255335,93.22995732,94,5,1,8,TRUE,FALSE,FALSE,FALSE,FALSE,FALSE
28-08-2022,45640,28.38832785,1.5,100,100,3,141.28,77.80371971,61.99490163,53.14679772,106,6,1,8,FALSE,TRUE,FALSE,FALSE,FALSE,FALSE
28-08-2022,8796,57.4267438,1.13769836,30.88145576,46.26814697,1,67.592,50.9712582,65.95097914,56.08009219,213,6,1,8,TRUE,TRUE,FALSE,FALSE,FALSE,FALSE
29-08-2022,37078,30.87741929,1.5,100,100,1,124.156,19.51955556,69.56621596,93.36992363,88,0,0,8,FALSE,FALSE,FALSE,FALSE,FALSE,FALSE
29-08-2022,22569,41.52395218,1.026575238,67.53555983,100,0,95.138,58.50061087,90.7449692,78.39441521,107,0,0,8,TRUE,FALSE,FALSE,FALSE,FALSE,FALSE
30-08-2022,25546,21.67314355,1.5,91.72209339,100,1,101.092,77.89520111,62.326331,71.90873369,101,1,0,8,FALSE,FALSE,FALSE,FALSE,FALSE,FALSE
30-08-2022,25490,40.97957185,1.5,92.99391154,100,3,100.98,42.44681364,97.72252028,91.14774377,115,1,0,8,TRUE,FALSE,TRUE,FALSE,FALSE,FALSE
31-08-2022,11821,55.24645642,1.131261848,42.28581174,62.17487948,1,73.642,26.20577311,70.50019477,86.20337407,214,2,0,8,FALSE,FALSE,FALSE,FALSE,FALSE,FALSE
31-08-2022,39971,40.50267468,1.5,100,100,1,129.942,68.94106181,93.81791753,64.97528595,89,2,0,8,TRUE,FALSE,FALSE,FALSE,FALSE,TRUE
01-09-2022,36839,49.69193732,1.5,100,100,2,123.678,29.16663664,84.94510998,57.30320575,107,3,0,9,FALSE,FALSE,FALSE,FALSE,FALSE,FALSE
01-09-2022,23379,53.8992505,1.343600113,78.01397397,100,2,96.758,16.057056,69.66789343,86.8277321,111,3,0,9,TRUE,FALSE,FALSE,FALSE,FALSE,FALSE
02-09-2022,10468,62.90309165,1.034702642,36.80956802,47.43870932,0,70.936,64.67486758,61.51709699,82.3341049,232,4,0,9,FALSE,FALSE,FALSE,FALSE,FALSE,FALSE
02-09-2022,32743,32.03829838,1.5,100,100,3,115.486,24.08477819,71.67970626,79.72411244,110,4,0,9,TRUE,FALSE,FALSE,FALSE,FALSE,FALSE
03-09-2022,61638,43.98834486,1.5,100,100,2,173.276,51.21502317,88.98362873,67.81631467,91,5,1,9,TRUE,FALSE,FALSE,FALSE,FALSE,TRUE
04-09-2022,44277,25.38117033,1.5,100,100,4,138.554,50.91298423,60.69026022,59.81244195,99,6,1,9,FALSE,FALSE,FALSE,FALSE,FALSE,FALSE
04-09-2022,41225,30.93604306,1.5,100,100,3,132.45,20.08564425,85.714533,76.00263708,109,6,1,9,TRUE,FALSE,FALSE,FALSE,FALSE,FALSE
05-09-2022,11327,46.95612519,1.028021176,40.18807678,57.54895244,0,72.654,42.23344841,77.43073232,77.33445649,210,0,0,9,TRUE,FALSE,FALSE,FALSE,FALSE,FALSE
06-09-2022,38314,23.38250073,1.5,100,100,2,126.628,76.4063636,66.24896535,69.46110658,87,1,0,9,FALSE,FALSE,FALSE,FALSE,FALSE,TRUE
07-09-2022,10664,64.07966927,1.205084425,42.13875843,57.61109996,1,71.328,32.42646309,78.68140781,94.26050967,213,2,0,9,FALSE,FALSE,FALSE,FALSE,FALSE,TRUE
07-09-2022,38057,35.56367964,1.5,100,100,2,126.114,55.74286482,82.60574426,55.37281731,79,2,0,9,TRUE,FALSE,FALSE,FALSE,FALSE,FALSE
08-09-2022,22582,64.84363883,1.388310562,84.63692327,100,1,95.164,69.68712148,89.16539727,85.21804849,93,3,0,9,FALSE,FALSE,FALSE,FALSE,FALSE,FALSE
08-09-2022,23070,65.97817098,1.237095122,67.71092943,100,0,96.14,44.49035343,93.8964149,65.55619874,114,3,0,9,TRUE,FALSE,FALSE,TRUE,FALSE,TRUE
09-09-2022,26909,32.83579003,1.5,96.77174324,100,5,103.818,10.78437751,99.47909087,74.52340388,109,4,0,9,FALSE,FALSE,FALSE,FALSE,FALSE,FALSE
09-09-2022,24231,34.83268909,1.048057291,77.69177448,100,5,98.462,31.30387589,71.14692611,67.8101799,91,4,0,9,TRUE,FALSE,FALSE,FALSE,FALSE,FALSE
10-09-2022,10737,56.56851962,1.188156303,36.73570335,52.76960057,2,71.474,66.01770169,65.14684564,54.01385916,234,5,1,9,TRUE,FALSE,FALSE,FALSE,FALSE,FALSE
11-09-2022,36681,28.83816394,1.5,100,100,3,123.362,14.70203038,89.58472665,91.01755606,75,6,1,9,FALSE,FALSE,FALSE,FALSE,FALSE,FALSE
11-09-2022,35719,38.98744245,1.5,100,100,3,121.438,50.94779327,68.20442643,75.29906791,114,6,1,9,TRUE,TRUE,FALSE,FALSE,FALSE,FALSE
12-09-2022,39495,29.70472459,1.5,100,100,2,128.99,74.07253724,72.01399211,55.56916159,105,0,0,9,FALSE,FALSE,FALSE,FALSE,FALSE,TRUE
13-09-2022,37075,33.97453669,1.5,100,100,3,124.15,71.54958831,83.85602549,73.51778681,116,1,0,9,FALSE,FALSE,FALSE,FALSE,FALSE,FALSE
13-09-2022,51555,28.35108786,1.5,100,100,0,153.11,50.69867871,91.57915545,77.72154122,110,1,0,9,TRUE,FALSE,FALSE,TRUE,FALSE,TRUE
14-09-2022,35832,33.94879799,1.5,100,100,1,121.664,13.60856853,65.09200945,54.81229394,76,2,0,9,FALSE,FALSE,FALSE,FALSE,FALSE,FALSE
14-09-2022,48858,27.55409615,1.5,100,100,0,147.716,76.6755709,61.89028801,62.05566342,99,2,0,9,TRUE,FALSE,FALSE,FALSE,TRUE,FALSE
15-09-2022,49643,20,1.5,100,100,3,149.286,56.51363457,99.38111801,69.87675679,101,3,0,9,FALSE,FALSE,TRUE,FALSE,FALSE,FALSE
16-09-2022,39951,20,1.5,100,100,1,129.902,41.72107456,79.19177634,83.28915871,100,4,0,9,FALSE,FALSE,FALSE,FALSE,FALSE,FALSE
16-09-2022,27194,25.86325663,1.5,88.88284145,100,1,104.388,44.12110387,90.59114982,82.16725827,114,4,0,9,TRUE,FALSE,FALSE,FALSE,FALSE,FALSE
17-09-2022,12757,29.71077152,1.14186027,46.6775765,62.69721337,4,75.514,62.56462161,72.86634533,86.26471595,195,5,1,9,FALSE,FALSE,FALSE,FALSE,TRUE,FALSE
17-09-2022,34811,20,1.5,100,100,3,119.622,36.87780326,73.2324446,78.24757828,90,5,1,9,TRUE,FALSE,FALSE,TRUE,FALSE,FALSE
18-09-2022,39506,38.92082642,1.5,100,100,3,129.012,21.56818702,74.14583904,63.1994011,98,6,1,9,TRUE,FALSE,FALSE,FALSE,FALSE,TRUE
19-09-2022,36322,38.19462296,1.5,100,100,1,122.644,36.35072847,93.68451088,92.98808014,104,0,0,9,FALSE,FALSE,FALSE,FALSE,FALSE,FALSE
19-09-2022,34429,37.87124395,1.5,100,100,2,118.858,12.14303353,66.47767019,72.62850226,101,0,0,9,TRUE,TRUE,FALSE,FALSE,FALSE,FALSE
20-09-2022,25347,34.6419238,1.5,79.89132143,100,3,100.694,55.51907057,97.47535995,52.45287246,88,1,0,9,FALSE,FALSE,FALSE,FALSE,FALSE,FALSE
20-09-2022,33214,20,1.5,100,100,1,116.428,48.44161877,89.45344906,90.84939367,100,1,0,9,TRUE,TRUE,FALSE,FALSE,FALSE,FALSE
21-09-2022,21949,32.48529438,1.015443157,68.85814624,100,0,93.898,42.25773347,90.60919325,75.11458239,99,2,0,9,FALSE,FALSE,TRUE,FALSE,FALSE,TRUE
22-09-2022,23025,50.1826241,1.2191459,75.67814396,100,2,96.05,58.21956196,71.19872764,82.15916699,98,3,0,9,FALSE,FALSE,TRUE,FALSE,FALSE,FALSE
22-09-2022,34289,43.87480052,1.5,100,100,2,118.578,20.23724351,62.73969588,66.08893476,99,3,0,9,TRUE,FALSE,FALSE,FALSE,FALSE,FALSE
23-09-2022,46348,52.15191811,1.5,100,100,3,142.696,14.57986928,96.33977005,83.38585258,103,4,0,9,FALSE,FALSE,FALSE,FALSE,TRUE,FALSE
23-09-2022,37232,34.66447566,1.5,100,100,3,124.464,41.52669262,68.48847872,75.02101466,107,4,0,9,TRUE,TRUE,FALSE,FALSE,FALSE,TRUE
24-09-2022,24127,57.59955981,1.21068795,76.39344513,100,2,98.254,61.68612899,61.04672553,92.99744493,98,5,1,9,FALSE,FALSE,FALSE,TRUE,FALSE,FALSE
24-09-2022,48069,38.23851981,1.5,100,100,2,146.138,17.55707234,97.18189137,60.65191571,108,5,1,9,TRUE,FALSE,FALSE,FALSE,TRUE,FALSE
25-09-2022,24146,51.21520346,1.3717204,84.26736873,100,1,98.292,66.15692354,92.1787501,80.94133973,102,6,1,9,FALSE,FALSE,FALSE,FALSE,FALSE,FALSE
25-09-2022,26555,32.50448388,1.5,93.17932048,100,0,103.11,36.69465532,66.35163206,51.8480642,93,6,1,9,TRUE,FALSE,FALSE,FALSE,FALSE,FALSE
26-09-2022,37343,25.81965291,1.5,100,100,0,124.686,55.84293967,69.59657213,81.55176863,97,0,0,9,FALSE,FALSE,FALSE,FALSE,FALSE,FALSE
26-09-2022,26691,42.54886342,1.5,82.1767935,100,1,103.382,47.19220682,71.56809208,83.07977206,124,0,0,9,TRUE,FALSE,FALSE,FALSE,FALSE,FALSE
27-09-2022,25807,55.72277291,1.5,89.04056588,100,1,101.614,35.91976765,69.67833842,84.14040389,103,1,0,9,FALSE,FALSE,TRUE,FALSE,FALSE,FALSE
27-09-2022,19926,50.0232209,1.340488775,66.31470815,100,0,89.852,56.80151931,95.43139409,64.64652378,87,1,0,9,TRUE,FALSE,FALSE,FALSE,TRUE,FALSE
28-09-2022,32360,33.11067746,1.5,100,100,1,114.72,12.44642863,63.62491932,79.63123677,113,2,0,9,FALSE,FALSE,FALSE,TRUE,FALSE,FALSE
28-09-2022,39892,21.40167411,1.5,100,100,0,129.784,45.36629947,71.45185652,80.04189174,98,2,0,9,TRUE,FALSE,FALSE,FALSE,FALSE,FALSE
29-09-2022,27381,48.3494598,1.5,96.57660146,100,2,104.762,73.01392313,99.19929527,98.56175033,91,3,0,9,FALSE,FALSE,FALSE,FALSE,FALSE,FALSE
29-09-2022,20693,32.42262017,1.11153302,63.58285821,100,0,91.386,59.4580542,74.74500436,90.09896195,89,3,0,9,TRUE,FALSE,FALSE,TRUE,FALSE,FALSE
30-09-2022,44024,23.26837227,1.5,100,100,1,138.048,75.02281132,90.08862921,52.63689481,101,4,0,9,FALSE,FALSE,FALSE,FALSE,FALSE,FALSE
30-09-2022,42950,26.05720169,1.5,100,100,1,135.9,23.48747463,90.85526907,94.47646175,110,4,0,9,TRUE,FALSE,FALSE,FALSE,TRUE,TRUE
01-10-2022,23657,48.17155712,1.259878207,78.77520712,100,2,97.314,52.29336386,91.31581836,54.06133293,106,5,1,10,FALSE,TRUE,FALSE,FALSE,FALSE,FALSE
01-10-2022,31303,22.34412011,1.5,97.3222746,100,0,112.606,43.0454172,69.46073819,99.8163754,102,5,1,10,TRUE,FALSE,FALSE,TRUE,FALSE,FALSE
02-10-2022,37095,23.88907682,1.5,100,100,1,124.19,65.59877022,72.95667434,51.10699159,102,6,1,10,FALSE,FALSE,TRUE,FALSE,FALSE,FALSE
02-10-2022,24960,63.76464611,1.316395088,82.3722515,100,2,99.92,53.41645755,96.19726432,51.02620911,105,6,1,10,TRUE,FALSE,FALSE,FALSE,FALSE,FALSE
03-10-2022,23473,37.33723797,1.017732992,76.02521329,100,4,96.946,52.21522929,80.8455278,75.82519383,85,0,0,10,FALSE,FALSE,FALSE,FALSE,FALSE,FALSE
03-10-2022,49602,40.75560721,1.5,100,100,2,149.204,50.93424851,75.75687635,71.79135567,116,0,0,10,TRUE,FALSE,FALSE,FALSE,FALSE,FALSE
04-10-2022,42698,33.16282171,1.5,100,100,2,135.396,10.80981484,74.77398249,54.10344226,109,1,0,10,FALSE,FALSE,FALSE,TRUE,FALSE,FALSE
04-10-2022,47769,47.50785339,1.5,100,100,4,145.538,49.7741727,83.93938437,62.26638987,112,1,0,10,TRUE,FALSE,FALSE,FALSE,FALSE,FALSE
05-10-2022,25606,45.82852954,1.5,83.2479161,100,1,101.212,51.9701733,63.43173782,68.90317292,115,2,0,10,FALSE,FALSE,FALSE,FALSE,FALSE,FALSE
05-10-2022,38652,39.22383901,1.5,100,100,3,127.304,71.66426182,66.61767966,56.31627525,94,2,0,10,TRUE,TRUE,FALSE,FALSE,FALSE,FALSE
06-10-2022,36210,20,1.5,100,100,0,122.42,26.49394294,68.32286793,96.89445357,88,3,0,10,FALSE,FALSE,FALSE,FALSE,FALSE,FALSE
06-10-2022,24794,31.78170287,1.296300959,92.29675714,100,3,99.588,25.23980457,86.84834246,60.22118953,100,3,0,10,TRUE,FALSE,FALSE,FALSE,FALSE,FALSE
07-10-2022,46681,47.46655741,1.5,100,100,2,143.362,18.8002763,74.32796894,74.06951651,103,4,0,10,FALSE,TRUE,FALSE,FALSE,FALSE,FALSE
07-10-2022,24921,56.64512594,1.3449395,76.26903158,100,0,99.842,25.08691176,75.78190018,94.72909538,102,4,0,10,TRUE,TRUE,FALSE,FALSE,FALSE,TRUE
08-10-2022,31313,38.9224045,1.5,100,100,2,112.626,45.7027174,94.24314393,60.39106686,98,5,1,10,FALSE,FALSE,FALSE,FALSE,FALSE,FALSE
08-10-2022,32124,26.08673448,1.5,100,100,3,114.248,28.91563408,93.38166062,79.96536896,92,5,1,10,TRUE,FALSE,FALSE,FALSE,FALSE,FALSE
09-10-2022,21123,51.95884022,1.191985375,60.90317007,100,0,92.246,25.70523499,73.34047516,81.25805584,107,6,1,10,FALSE,FALSE,FALSE,FALSE,FALSE,FALSE
09-10-2022,52571,43.03875453,1.5,100,100,2,155.142,61.83428379,81.30546287,84.08287265,94,6,1,10,TRUE,FALSE,FALSE,FALSE,FALSE,FALSE
10-10-2022,29483,37.32080804,1.5,100,100,2,108.966,63.33654155,85.95623818,81.984889,115,0,0,10,FALSE,FALSE,FALSE,FALSE,FALSE,TRUE
10-10-2022,41083,23.62734757,1.5,100,100,1,132.166,46.30131988,79.06276878,60.43402114,101,0,0,10,TRUE,FALSE,FALSE,FALSE,FALSE,FALSE
11-10-2022,22225,53.9176428,1.285983142,72.85872893,100,2,94.45,58.40218227,93.14524962,82.32140576,90,1,0,10,FALSE,FALSE,FALSE,FALSE,FALSE,FALSE
11-10-2022,11830,46.08745697,1.371208742,38.28806225,61.73186638,0,73.66,74.85551941,61.35235319,52.10685804,170,1,0,10,TRUE,FALSE,FALSE,FALSE,FALSE,FALSE
12-10-2022,27702,31.48814235,1.5,83.72617106,100,3,105.404,64.39321826,64.0186196,93.07626273,96,2,0,10,FALSE,FALSE,TRUE,FALSE,FALSE,TRUE
12-10-2022,54116,26.71441319,1.5,100,100,0,158.232,60.21275978,72.95219818,73.2923828,89,2,0,10,TRUE,FALSE,FALSE,FALSE,FALSE,FALSE
13-10-2022,21387,39.65002327,1.0879892,70.69843172,100,1,92.774,69.70916896,73.5702511,98.1206701,93,3,0,10,FALSE,FALSE,FALSE,FALSE,FALSE,FALSE
13-10-2022,47553,42.44512497,1.5,100,100,1,145.106,70.74453244,79.05940474,99.34847275,101,3,0,10,TRUE,FALSE,FALSE,FALSE,FALSE,FALSE
14-10-2022,24898,34.01446174,1.033097905,86.75958998,100,2,99.796,47.29955706,64.98021573,60.12002696,107,4,0,10,FALSE,FALSE,FALSE,FALSE,FALSE,FALSE
14-10-2022,11505,42.34217822,1.346447772,29.67147581,61.13483699,1,73.01,11.763392,61.9996806,79.51890323,207,4,0,10,TRUE,FALSE,FALSE,FALSE,FALSE,FALSE
15-10-2022,22619,42.83424123,1.253518079,68.89396711,100,0,95.238,25.96868177,98.29222558,55.2697956,100,5,1,10,FALSE,FALSE,FALSE,FALSE,FALSE,FALSE
15-10-2022,24775,52.14632754,1.120244233,77.55106449,100,1,99.55,34.44314941,68.66708987,64.7072098,108,5,1,10,TRUE,FALSE,FALSE,FALSE,FALSE,TRUE
16-10-2022,38269,39.06921741,1.5,100,100,4,126.538,28.49326575,96.69527042,98.11781652,107,6,1,10,FALSE,FALSE,FALSE,FALSE,FALSE,FALSE
17-10-2022,25100,34.56474837,1.5,88.20916355,100,3,100.2,58.86834721,83.55560481,84.89146142,103,0,0,10,FALSE,FALSE,FALSE,FALSE,FALSE,TRUE
17-10-2022,41834,41.24481462,1.5,100,100,0,133.668,35.19204284,67.53583784,63.25290428,91,0,0,10,TRUE,FALSE,FALSE,FALSE,TRUE,FALSE
18-10-2022,25429,38.92121237,1.5,78.5789168,100,0,100.858,25.06444952,62.85269168,67.96910446,98,1,0,10,TRUE,FALSE,FALSE,FALSE,FALSE,FALSE
19-10-2022,38006,20,1.5,100,100,0,126.012,36.33112693,69.49994433,71.90448566,97,2,0,10,FALSE,FALSE,FALSE,TRUE,FALSE,FALSE
19-10-2022,35613,32.64270531,1.5,100,100,2,121.226,76.51393398,65.00251279,56.14557209,92,2,0,10,TRUE,TRUE,FALSE,FALSE,FALSE,FALSE
20-10-2022,50029,41.09220969,1.5,100,100,3,150.058,40.94346621,87.48524233,68.05494548,111,3,0,10,FALSE,FALSE,TRUE,FALSE,FALSE,FALSE
20-10-2022,50455,30.34322061,1.5,100,100,1,150.91,75.55718143,66.62502969,97.20662709,111,3,0,10,TRUE,FALSE,FALSE,FALSE,FALSE,TRUE
22-10-2022,34536,24.68911762,1.5,100,100,4,119.072,35.28874046,61.44757189,92.46504735,85,5,1,10,FALSE,FALSE,FALSE,FALSE,FALSE,FALSE
22-10-2022,36453,44.05089609,1.5,100,100,2,122.906,60.93476401,71.86682177,69.0276135,96,5,1,10,TRUE,FALSE,FALSE,FALSE,FALSE,FALSE
23-10-2022,27229,34.91125757,1.5,92.15281304,100,2,104.458,17.2641903,92.12734033,76.48911897,89,6,1,10,FALSE,TRUE,FALSE,FALSE,FALSE,FALSE
24-10-2022,11396,47.63334389,1.299563057,40.55554407,52.13992022,0,72.792,20.2395866,65.69645679,57.52315058,199,0,0,10,FALSE,FALSE,FALSE,FALSE,FALSE,FALSE
24-10-2022,26810,51.38286544,1.5,98.75733963,100,2,103.62,34.41676185,64.98946126,73.92525185,104,0,0,10,TRUE,FALSE,TRUE,FALSE,FALSE,FALSE
25-10-2022,23139,24.45713427,1.279079478,74.17063044,100,3,96.278,46.9460736,68.33257203,68.70817167,109,1,0,10,FALSE,FALSE,TRUE,FALSE,FALSE,FALSE
25-10-2022,32262,39.74083956,1.5,100,100,2,114.524,74.76488947,87.79861783,81.05981429,104,1,0,10,TRUE,FALSE,FALSE,FALSE,TRUE,FALSE
26-10-2022,23847,44.13367784,1.123346782,79.73750387,100,2,97.694,53.16756661,88.43159445,69.87221078,90,2,0,10,FALSE,FALSE,FALSE,TRUE,FALSE,FALSE
26-10-2022,23507,47.44807248,1.131966172,80.18081926,100,3,97.014,60.80358749,87.85334779,87.63420359,117,2,0,10,TRUE,FALSE,FALSE,FALSE,FALSE,FALSE
27-10-2022,22777,21.14839957,1.079948817,67.57668927,100,1,95.554,69.03824009,74.4334894,85.1723065,100,3,0,10,TRUE,FALSE,FALSE,FALSE,FALSE,TRUE
28-10-2022,48026,39.89928607,1.5,100,100,2,146.052,12.4805736,94.10915747,97.02229006,97,4,0,10,FALSE,FALSE,FALSE,FALSE,FALSE,FALSE
28-10-2022,44737,52.13339554,1.5,100,100,0,139.474,37.16629801,94.81816129,86.95275554,119,4,0,10,TRUE,FALSE,TRUE,FALSE,FALSE,FALSE
29-10-2022,36207,29.59733751,1.5,100,100,4,122.414,59.21885813,67.08363055,84.12854775,100,5,1,10,FALSE,FALSE,FALSE,TRUE,FALSE,FALSE
30-10-2022,38879,42.29826435,1.5,100,100,2,127.758,64.26305612,79.08619409,61.45546425,98,6,1,10,FALSE,FALSE,FALSE,FALSE,FALSE,FALSE
30-10-2022,12114,44.76140171,1.347627407,32.02860554,65.04328564,0,74.228,22.73400056,83.38382163,54.03685892,201,6,1,10,TRUE,FALSE,FALSE,FALSE,FALSE,FALSE
31-10-2022,33412,39.61188858,1.5,100,100,2,116.824,56.22813992,99.74987373,52.28731986,123,0,0,10,FALSE,FALSE,FALSE,FALSE,FALSE,FALSE
31-10-2022,34449,43.37868387,1.5,100,100,2,118.898,73.09519061,79.28493909,61.78791185,127,0,0,10,TRUE,TRUE,FALSE,FALSE,FALSE,FALSE
01-11-2022,36903,39.27083275,1.5,100,100,3,123.806,60.36044265,98.6834788,57.5500068,79,1,0,11,FALSE,FALSE,FALSE,FALSE,FALSE,FALSE
02-11-2022,47849,37.02959975,1.5,100,100,6,145.698,35.46118704,96.27424944,84.48088321,99,2,0,11,FALSE,FALSE,FALSE,FALSE,FALSE,FALSE
02-11-2022,12429,35.40773025,1.117659893,34.82407583,58.92935965,0,74.858,50.86209792,96.17397867,76.49085945,208,2,0,11,TRUE,TRUE,FALSE,FALSE,FALSE,FALSE
03-11-2022,46145,52.30172056,1.5,100,100,7,142.29,66.64870035,77.32316427,91.46888133,86,3,0,11,FALSE,FALSE,FALSE,FALSE,FALSE,FALSE
03-11-2022,23405,51.06662724,1.130768951,83.5538976,100,3,96.81,75.50796884,73.09555892,68.13452975,108,3,0,11,TRUE,FALSE,FALSE,FALSE,FALSE,FALSE
04-11-2022,40586,40.54567348,1.5,100,100,2,131.172,32.60626205,91.68256307,74.65534079,106,4,0,11,FALSE,FALSE,FALSE,FALSE,TRUE,FALSE
04-11-2022,22156,43.40081501,1.161629979,79.35028976,100,1,94.312,65.21642271,80.10510738,60.30795724,100,4,0,11,TRUE,FALSE,FALSE,FALSE,FALSE,FALSE
05-11-2022,22356,37.21108695,1.331693467,84.22040744,100,0,94.712,62.57273322,95.08217694,96.56140855,104,5,1,11,FALSE,FALSE,FALSE,TRUE,FALSE,TRUE
05-11-2022,37441,51.91476429,1.5,100,100,0,124.882,72.88567386,84.90910031,86.38971852,95,5,1,11,TRUE,FALSE,FALSE,FALSE,FALSE,FALSE
06-11-2022,12335,45.41671854,1.108942895,44.77453781,58.39757543,0,74.67,15.46524233,95.2317264,65.52187008,188,6,1,11,FALSE,FALSE,FALSE,FALSE,FALSE,FALSE
06-11-2022,48733,44.06694852,1.5,100,100,2,147.466,15.61346023,96.42752402,73.02626711,90,6,1,11,TRUE,FALSE,TRUE,FALSE,FALSE,FALSE
07-11-2022,54941,20,1.5,100,100,2,159.882,69.70801764,87.19796694,54.74608413,101,0,0,11,FALSE,FALSE,FALSE,FALSE,FALSE,FALSE
07-11-2022,45103,45.26416176,1.5,100,100,1,140.206,60.42616076,93.99967477,55.58358619,95,0,0,11,TRUE,TRUE,FALSE,FALSE,FALSE,FALSE
08-11-2022,13099,43.14931076,1.334453687,45.73671708,62.0615841,0,76.198,76.82773886,76.85590728,82.40805084,222,1,0,11,TRUE,FALSE,FALSE,FALSE,FALSE,FALSE
09-11-2022,47359,41.37385837,1.5,100,100,1,144.718,59.62164485,92.58673333,89.43745834,102,2,0,11,FALSE,FALSE,FALSE,FALSE,FALSE,FALSE
09-11-2022,10943,40.97210179,1.289850461,34.77572281,56.75959447,0,71.886,19.23424232,65.27956094,60.16318762,180,2,0,11,TRUE,FALSE,FALSE,FALSE,FALSE,FALSE
10-11-2022,21996,29.56114721,1.241018656,65.85615964,100,0,93.992,58.42408338,97.31549574,93.49373234,107,3,0,11,FALSE,TRUE,FALSE,FALSE,FALSE,FALSE
10-11-2022,52196,21.29390722,1.5,100,100,3,154.392,52.35140172,98.79201978,86.90600046,100,3,0,11,TRUE,TRUE,FALSE,FALSE,FALSE,FALSE
11-11-2022,45120,44.07610201,1.5,100,100,2,140.24,69.09317158,67.1770442,58.70548512,107,4,0,11,FALSE,FALSE,FALSE,FALSE,FALSE,FALSE
11-11-2022,21473,35.48763442,1.142424346,75.86210255,100,3,92.946,59.25358984,81.39021653,93.41700807,119,4,0,11,TRUE,FALSE,FALSE,FALSE,TRUE,FALSE
12-11-2022,46732,20.43956169,1.5,100,100,5,143.464,21.34447931,71.63367121,80.8388534,80,5,1,11,FALSE,FALSE,FALSE,FALSE,FALSE,FALSE
12-11-2022,33279,55.41638217,1.5,100,100,1,116.558,16.61115831,99.15411863,86.29799501,93,5,1,11,TRUE,FALSE,TRUE,FALSE,FALSE,FALSE
13-11-2022,24558,34.21380988,1.17612643,76.37053305,100,4,99.116,32.51477027,81.54801668,98.75030299,76,6,1,11,TRUE,FALSE,FALSE,FALSE,FALSE,FALSE
14-11-2022,34255,28.86245357,1.5,100,100,4,118.51,67.29058936,91.71527974,89.89767163,112,0,0,11,FALSE,TRUE,FALSE,FALSE,FALSE,FALSE
14-11-2022,48231,43.19203518,1.5,100,100,2,146.462,42.89356206,70.63195989,79.52070974,109,0,0,11,TRUE,TRUE,FALSE,FALSE,FALSE,FALSE
15-11-2022,21700,40.46269134,1.260854454,77.79622236,100,1,93.4,18.79718049,96.38687252,92.1892216,99,1,0,11,FALSE,FALSE,FALSE,FALSE,FALSE,FALSE
15-11-2022,32251,40.09161043,1.5,100,100,3,114.502,49.57471506,63.64057661,69.34630567,91,1,0,11,TRUE,FALSE,TRUE,FALSE,FALSE,FALSE
16-11-2022,11230,54.77845819,1.354882089,31.13270522,57.00505755,0,72.46,38.18831039,95.2825758,80.41737542,208,2,0,11,FALSE,FALSE,TRUE,FALSE,FALSE,FALSE
16-11-2022,11757,52.04015403,1.119293011,37.52091447,57.8807158,0,73.514,16.42796067,64.34506371,79.95943491,196,2,0,11,TRUE,FALSE,FALSE,FALSE,FALSE,FALSE
17-11-2022,37446,20,1.5,100,100,0,124.892,65.98940496,84.70869366,86.51966685,115,3,0,11,FALSE,FALSE,FALSE,FALSE,FALSE,FALSE
17-11-2022,52281,44.06055958,1.5,100,100,4,154.562,16.87247541,94.08483835,76.67440944,103,3,0,11,TRUE,FALSE,FALSE,TRUE,FALSE,TRUE
18-11-2022,23626,53.51270564,1.317398703,72.81189653,100,0,97.252,38.902888,70.49127867,77.47157979,93,4,0,11,FALSE,FALSE,TRUE,FALSE,FALSE,FALSE
18-11-2022,37606,20,1.5,100,100,2,125.212,37.9416119,99.99075859,63.05257694,93,4,0,11,TRUE,FALSE,FALSE,FALSE,FALSE,FALSE
19-11-2022,24442,49.90299733,1.259263562,84.61329964,100,2,98.884,65.67547411,72.86993435,53.57220768,90,5,1,11,FALSE,FALSE,TRUE,FALSE,FALSE,FALSE
19-11-2022,21402,46.79131888,1.025581845,75.63656931,100,4,92.804,11.63550113,76.06392439,52.64394796,83,5,1,11,TRUE,FALSE,FALSE,FALSE,TRUE,FALSE
20-11-2022,12624,47.72044655,1.071681862,36.82235332,62.38706765,0,75.248,63.13231978,73.52613502,99.29177702,217,6,1,11,FALSE,FALSE,FALSE,FALSE,FALSE,FALSE
20-11-2022,42595,50.59664738,1.5,100,100,1,135.19,44.13322205,87.1137799,63.597688,110,6,1,11,TRUE,FALSE,FALSE,FALSE,FALSE,FALSE
21-11-2022,35593,20.57242512,1.5,100,100,1,121.186,49.37814741,62.89569813,71.87768211,141,0,0,11,FALSE,FALSE,FALSE,FALSE,FALSE,FALSE
21-11-2022,33495,27.71735346,1.5,100,100,1,116.99,29.87214178,71.7242672,66.33865119,104,0,0,11,TRUE,FALSE,FALSE,FALSE,FALSE,FALSE
22-11-2022,36833,44.04347275,1.5,100,100,4,123.666,76.69837533,96.11232238,53.30729361,101,1,0,11,FALSE,FALSE,FALSE,FALSE,FALSE,TRUE
22-11-2022,38100,34.42471169,1.5,100,100,0,126.2,56.44769121,96.53840096,67.73839783,94,1,0,11,TRUE,FALSE,FALSE,FALSE,FALSE,FALSE
23-11-2022,31873,34.48817336,1.5,98.58277107,100,0,113.746,72.82923804,87.61916769,70.23523431,90,2,0,11,FALSE,FALSE,FALSE,FALSE,FALSE,FALSE
23-11-2022,39926,28.85240972,1.5,100,100,1,129.852,15.13028681,76.11022779,86.64267574,100,2,0,11,TRUE,FALSE,TRUE,FALSE,FALSE,TRUE
24-11-2022,37067,31.97522458,1.5,100,100,3,124.134,68.91089555,70.54814742,77.98880318,122,3,0,11,FALSE,FALSE,FALSE,FALSE,FALSE,FALSE
24-11-2022,37872,58.89687909,1.5,100,100,2,125.744,61.23594054,95.11373539,74.21804195,99,3,0,11,TRUE,FALSE,TRUE,FALSE,FALSE,FALSE
25-11-2022,11461,51.55356941,1.288366126,40.24088912,52.80627383,0,72.922,28.74184871,95.46910752,74.04016943,223,4,0,11,FALSE,FALSE,FALSE,FALSE,FALSE,FALSE
25-11-2022,37458,30.24435941,1.5,100,100,2,124.916,41.19716997,62.70000206,73.94217723,91,4,0,11,TRUE,FALSE,TRUE,FALSE,FALSE,FALSE
26-11-2022,35324,22.96309398,1.5,100,100,2,120.648,34.39758979,78.75669456,72.04348139,112,5,1,11,FALSE,FALSE,FALSE,FALSE,FALSE,FALSE
26-11-2022,23888,55.61683645,1.044405387,74.72157191,100,3,97.776,77.92195611,63.37942989,85.00192105,79,5,1,11,TRUE,FALSE,TRUE,FALSE,FALSE,FALSE
27-11-2022,55106,22.52600926,1.5,100,100,3,160.212,41.0542707,76.88422305,87.44753242,105,6,1,11,FALSE,FALSE,FALSE,TRUE,FALSE,FALSE
27-11-2022,24335,51.76374799,1.089973706,71.35395941,100,2,98.67,72.86327175,66.28933244,91.77219341,89,6,1,11,TRUE,FALSE,FALSE,FALSE,FALSE,FALSE
28-11-2022,39136,29.14611989,1.5,100,100,2,128.272,16.11405733,92.806011,78.66631136,86,0,0,11,FALSE,FALSE,FALSE,FALSE,FALSE,FALSE
28-11-2022,38129,28.71674904,1.5,100,100,2,126.258,17.9389562,77.52876481,59.07672335,93,0,0,11,TRUE,FALSE,FALSE,FALSE,FALSE,FALSE
29-11-2022,53569,37.33478328,1.5,100,100,0,157.138,67.51899676,92.71128662,55.74925972,101,1,0,11,FALSE,FALSE,TRUE,FALSE,FALSE,FALSE
29-11-2022,37833,35.23162701,1.5,100,100,1,125.666,39.2502244,86.48556212,73.56423905,81,1,0,11,TRUE,FALSE,FALSE,FALSE,FALSE,FALSE
30-11-2022,43381,43.70035355,1.5,100,100,4,136.762,61.87500848,84.19919252,61.14604526,122,2,0,11,TRUE,TRUE,FALSE,FALSE,FALSE,FALSE
01-12-2022,36310,51.30284495,1.5,100,100,1,122.62,78.70827833,94.88540868,66.51083209,94,3,0,12,FALSE,FALSE,FALSE,FALSE,FALSE,FALSE
02-12-2022,10423,35.9487327,1.345512516,40.26850712,51.41071864,1,70.846,54.60760156,63.88819981,85.70093905,203,4,0,12,FALSE,FALSE,FALSE,FALSE,FALSE,TRUE
02-12-2022,36120,20,1.5,100,100,1,122.24,54.12206667,89.95689691,96.15513265,115,4,0,12,TRUE,FALSE,FALSE,FALSE,TRUE,FALSE
03-12-2022,23813,42.4124209,1.059345124,84.27749024,100,3,97.626,30.66217811,65.65295516,98.20887975,102,5,1,12,FALSE,FALSE,FALSE,FALSE,FALSE,FALSE
03-12-2022,12796,33.91159683,1.328243819,39.60117369,64.20465749,0,75.592,16.35605603,82.07696568,92.02884554,177,5,1,12,TRUE,FALSE,FALSE,FALSE,TRUE,FALSE
04-12-2022,13437,45.82214785,1.107441993,43.57088052,63.91289205,0,76.874,63.1197102,77.13125099,72.36354219,213,6,1,12,TRUE,FALSE,FALSE,FALSE,FALSE,FALSE
05-12-2022,34629,38.91168557,1.5,100,100,1,119.258,78.85182467,84.9289105,58.71322972,93,0,0,12,TRUE,FALSE,FALSE,FALSE,FALSE,FALSE
06-12-2022,20174,44.17616782,1.033623695,72.61833836,100,1,90.348,40.09704097,92.45877276,53.8634036,102,1,0,12,FALSE,FALSE,FALSE,FALSE,FALSE,FALSE
06-12-2022,47619,33.04541386,1.5,100,100,2,145.238,57.34585922,94.4707459,51.32078269,101,1,0,12,TRUE,FALSE,TRUE,FALSE,FALSE,FALSE
07-12-2022,47356,32.66690704,1.5,100,100,2,144.712,12.85596833,68.7642428,90.38816256,110,2,0,12,FALSE,FALSE,FALSE,FALSE,FALSE,FALSE
07-12-2022,51829,27.91587148,1.5,100,100,4,153.658,40.64733062,79.30047614,70.02026537,94,2,0,12,TRUE,FALSE,TRUE,FALSE,FALSE,FALSE
08-12-2022,11069,25.83206225,1.297699832,30.542672,53.20781094,1,72.138,24.07870063,90.13466249,93.77643255,210,3,0,12,FALSE,FALSE,FALSE,FALSE,FALSE,FALSE
08-12-2022,24151,43.37527556,1.201397986,88.655488,100,3,98.302,65.3292159,77.61141094,61.64028402,117,3,0,12,TRUE,FALSE,FALSE,FALSE,TRUE,FALSE
09-12-2022,37367,31.83740867,1.5,100,100,2,124.734,21.2078103,92.1436595,69.05221226,106,4,0,12,FALSE,TRUE,FALSE,FALSE,FALSE,FALSE
09-12-2022,53109,45.43691784,1.5,100,100,0,156.218,27.55622029,88.87714987,97.2710711,101,4,0,12,TRUE,FALSE,FALSE,TRUE,FALSE,FALSE
10-12-2022,39998,20,1.5,100,100,0,129.996,32.90275455,98.40920236,89.70337856,90,5,1,12,TRUE,FALSE,FALSE,TRUE,FALSE,FALSE
11-12-2022,35993,22.52300995,1.5,100,100,1,121.986,12.29265236,67.70886089,84.66224959,86,6,1,12,FALSE,FALSE,FALSE,FALSE,FALSE,FALSE
11-12-2022,52955,34.73937505,1.5,100,100,2,155.91,75.73789576,67.06706966,73.51804736,99,6,1,12,TRUE,FALSE,FALSE,TRUE,FALSE,FALSE
12-12-2022,44994,22.86554066,1.5,100,100,2,139.988,29.63107702,66.33350022,52.55874084,109,0,0,12,TRUE,FALSE,FALSE,FALSE,FALSE,FALSE
13-12-2022,38636,35.20016806,1.5,100,100,1,127.272,76.76207143,65.18901518,84.30966258,98,1,0,12,FALSE,TRUE,FALSE,FALSE,FALSE,FALSE
13-12-2022,13746,38.85315244,1.092862486,52.02066813,64.26164826,0,77.492,11.92167836,71.20107486,73.35529043,203,1,0,12,TRUE,TRUE,FALSE,FALSE,FALSE,FALSE
14-12-2022,25233,28.55020016,1.5,84.05450805,100,0,100.466,42.65342203,89.70520522,67.55950321,92,2,0,12,FALSE,FALSE,FALSE,FALSE,TRUE,FALSE
14-12-2022,39653,37.10398802,1.5,100,100,3,129.306,61.80988163,92.74285163,74.42782586,88,2,0,12,TRUE,TRUE,FALSE,FALSE,FALSE,FALSE
15-12-2022,36302,40.16686699,1.5,100,100,1,122.604,29.83106141,69.8527253,50.33224483,113,3,0,12,FALSE,FALSE,FALSE,FALSE,FALSE,TRUE
16-12-2022,53247,46.18235255,1.5,100,100,2,156.494,48.12851497,79.62029069,72.18299296,99,4,0,12,FALSE,FALSE,FALSE,FALSE,TRUE,FALSE
16-12-2022,35876,31.6637686,1.5,100,100,2,121.752,33.61482917,83.14649023,63.74859784,116,4,0,12,TRUE,FALSE,FALSE,FALSE,TRUE,FALSE
17-12-2022,26244,33.79469356,1.5,85.77135983,100,1,102.488,20.84842138,97.9871546,58.88786522,98,5,1,12,FALSE,FALSE,TRUE,FALSE,FALSE,FALSE
18-12-2022,28091,45.02281802,1.5,89.86542804,100,2,106.182,58.83268781,78.03045492,56.49578373,94,6,1,12,TRUE,FALSE,FALSE,FALSE,FALSE,TRUE
19-12-2022,14202,35.42747066,1.285886852,55.37034578,68.84058234,1,78.404,15.43520056,75.21331536,73.82975594,194,0,0,12,FALSE,FALSE,FALSE,FALSE,FALSE,FALSE
20-12-2022,24681,37.77735105,1.04843391,81.51029244,100,3,99.362,22.01456862,95.17789728,75.02715024,90,1,0,12,FALSE,FALSE,FALSE,FALSE,FALSE,FALSE
20-12-2022,31368,33.75503946,1.5,100,100,2,112.736,11.61728613,97.78699182,54.39646309,105,1,0,12,TRUE,TRUE,FALSE,FALSE,FALSE,FALSE
21-12-2022,37345,20.15947974,1.5,100,100,3,124.69,34.91058994,64.10635255,74.82501941,96,2,0,12,FALSE,FALSE,FALSE,FALSE,FALSE,TRUE
21-12-2022,38793,40.50992241,1.5,100,100,0,127.586,13.47386102,61.51329805,73.89532706,99,2,0,12,TRUE,FALSE,FALSE,FALSE,FALSE,FALSE
22-12-2022,23174,46.82142091,1.014689383,72.9960242,100,3,96.348,52.93724007,99.43314456,76.11959853,109,3,0,12,FALSE,FALSE,FALSE,FALSE,FALSE,FALSE
23-12-2022,47327,37.99100958,1.5,100,100,0,144.654,77.35574744,68.94872169,79.20604316,131,4,0,12,TRUE,FALSE,FALSE,FALSE,FALSE,FALSE
24-12-2022,42996,42.39661091,1.5,100,100,3,135.992,31.76537111,76.1406795,83.89576502,94,5,1,12,FALSE,FALSE,FALSE,FALSE,FALSE,FALSE
24-12-2022,28314,39.2747763,1.5,100,100,4,106.628,73.69876229,86.58477793,91.51176431,97,5,1,12,TRUE,FALSE,FALSE,FALSE,FALSE,FALSE
25-12-2022,34120,47.49101225,1.5,100,100,2,118.24,27.75064557,63.34937839,73.5518809,97,6,1,12,FALSE,FALSE,TRUE,FALSE,FALSE,FALSE
25-12-2022,52718,39.28382461,1.5,100,100,1,155.436,77.54892285,91.21909322,52.98689522,109,6,1,12,TRUE,FALSE,FALSE,FALSE,FALSE,FALSE
26-12-2022,12003,56.9515251,1.269814103,38.83960674,59.13928256,0,74.006,49.4049709,66.39231631,85.86153849,202,0,0,12,TRUE,FALSE,TRUE,FALSE,FALSE,FALSE
27-12-2022,23938,56.84253465,1.115211478,89.03685182,100,2,97.876,17.41917202,70.28553222,58.34985464,108,1,0,12,FALSE,TRUE,FALSE,FALSE,FALSE,FALSE
27-12-2022,45895,24.03977209,1.5,100,100,2,141.79,56.59089718,94.34993967,98.66003645,91,1,0,12,TRUE,TRUE,FALSE,FALSE,FALSE,FALSE
28-12-2022,35740,35.43570607,1.5,100,100,3,121.48,30.07199407,64.4448719,99.53476573,89,2,0,12,FALSE,FALSE,TRUE,FALSE,FALSE,FALSE
29-12-2022,38270,47.08666715,1.5,100,100,1,126.54,61.42158997,97.81615967,65.33355269,82,3,0,12,FALSE,FALSE,FALSE,FALSE,FALSE,FALSE
29-12-2022,35755,44.28130379,1.5,100,100,1,121.51,58.42188307,96.30581459,94.45290673,95,3,0,12,TRUE,FALSE,FALSE,FALSE,FALSE,FALSE
30-12-2022,32530,25.88775727,1.5,100,100,3,115.06,68.00246916,93.47754622,77.0523307,90,4,0,12,FALSE,FALSE,FALSE,FALSE,FALSE,FALSE
30-12-2022,23779,51.26785796,1.315830118,82.00658699,100,0,97.558,65.84196149,90.50014723,58.45820763,92,4,0,12,TRUE,FALSE,FALSE,FALSE,TRUE,FALSE
31-12-2022,43430,44.55046749,1.5,100,100,1,136.86,20.38763064,80.86656551,83.70930434,99,5,1,12,FALSE,FALSE,TRUE,FALSE,FALSE,FALSE
31-12-2022,21723,37.80440512,1.073345673,70.64709011,100,3,93.446,29.98684618,90.14160522,92.8772938,103,5,1,12,TRUE,FALSE,FALSE,FALSE,FALSE,FALSE
01-01-2023,38088,34.52467705,1.5,100,100,0,126.176,50.46975394,76.11596765,53.04686162,112,6,1,1,FALSE,FALSE,FALSE,FALSE,FALSE,FALSE
01-01-2023,11455,55.23881135,1.289784706,29.48106924,57.51325252,1,72.91,23.80813071,63.96324628,92.95439817,189,6,1,1,TRUE,FALSE,FALSE,FALSE,FALSE,TRUE
02-01-2023,24106,50.80894015,1.088829558,74.54985755,100,1,98.212,39.9888591,92.69401819,70.72198206,110,0,0,1,FALSE,FALSE,TRUE,FALSE,FALSE,FALSE
02-01-2023,24152,35.67073799,1.004232757,79.82142369,100,0,98.304,70.95483911,85.62072769,82.26171493,97,0,0,1,TRUE,FALSE,FALSE,FALSE,FALSE,FALSE
03-01-2023,38288,36.60479881,1.5,100,100,2,126.576,76.59354766,94.52126023,81.97612227,99,1,0,1,FALSE,TRUE,FALSE,FALSE,FALSE,FALSE
03-01-2023,32720,40.22308555,1.5,100,100,1,115.44,57.50335484,96.06417078,56.10498141,103,1,0,1,TRUE,FALSE,FALSE,FALSE,FALSE,FALSE
04-01-2023,24452,51.63309492,1.21683891,84.26050084,100,0,98.904,29.26034846,73.45984399,73.99325651,97,2,0,1,FALSE,FALSE,FALSE,FALSE,FALSE,FALSE
04-01-2023,38671,20,1.5,100,100,4,127.342,45.14006959,91.81675325,93.66013579,106,2,0,1,TRUE,FALSE,FALSE,FALSE,FALSE,FALSE
06-01-2023,24943,42.44218661,1.19116247,77.83484002,100,2,99.886,42.35596649,76.2334041,93.61912397,99,4,0,1,FALSE,FALSE,FALSE,FALSE,FALSE,FALSE
06-01-2023,24139,37.68419158,1.181704612,73.93117893,100,1,98.278,41.60392673,67.73400437,87.78124921,90,4,0,1,TRUE,FALSE,FALSE,FALSE,TRUE,FALSE
07-01-2023,24589,56.52336924,1.27131459,84.04276888,100,2,99.178,70.66947115,99.71813282,83.07533975,111,5,1,1,FALSE,FALSE,FALSE,FALSE,FALSE,FALSE
07-01-2023,37688,51.5677437,1.5,100,100,3,125.376,61.85682356,81.13820727,54.86758515,93,5,1,1,TRUE,FALSE,FALSE,FALSE,FALSE,FALSE
08-01-2023,21858,52.38053806,1.387097703,73.47502816,100,3,93.716,54.88840229,78.89872312,85.81998554,115,6,1,1,FALSE,FALSE,FALSE,FALSE,FALSE,FALSE
08-01-2023,24569,32.40266579,1.139012958,82.05588319,100,2,99.138,32.74862232,64.24941888,98.42604651,105,6,1,1,TRUE,FALSE,FALSE,FALSE,FALSE,FALSE
09-01-2023,27038,28.91818363,1.5,89.39515905,100,1,104.076,22.93546535,98.48466835,63.08926048,99,0,0,1,FALSE,FALSE,FALSE,FALSE,FALSE,FALSE
09-01-2023,19430,46.03396581,1.01530228,62.78324733,100,0,88.86,11.31119761,64.74811027,84.34350973,109,0,0,1,TRUE,FALSE,TRUE,FALSE,FALSE,FALSE
10-01-2023,35323,27.90245518,1.5,100,100,3,120.646,61.56619382,76.42805432,94.07617904,84,1,0,1,FALSE,FALSE,FALSE,FALSE,TRUE,FALSE
10-01-2023,44821,25.61987553,1.5,100,100,3,139.642,63.00164417,95.07383445,66.66397648,91,1,0,1,TRUE,FALSE,FALSE,FALSE,FALSE,FALSE
11-01-2023,36016,33.21308553,1.5,100,100,3,122.032,39.93339142,65.3742277,52.63488753,95,2,0,1,FALSE,FALSE,TRUE,FALSE,FALSE,FALSE
11-01-2023,10347,36.31718626,1.148505814,35.67197882,47.03913523,0,70.694,49.10433166,77.23883484,83.36144714,186,2,0,1,TRUE,FALSE,FALSE,FALSE,FALSE,FALSE
12-01-2023,32680,27.74461739,1.5,100,100,5,115.36,34.44202087,84.28634917,65.13740342,108,3,0,1,FALSE,FALSE,TRUE,FALSE,FALSE,FALSE
12-01-2023,34130,20,1.5,100,100,2,118.26,55.50009629,62.97449634,79.87488311,113,3,0,1,TRUE,FALSE,FALSE,FALSE,FALSE,FALSE
13-01-2023,35408,39.05674475,1.5,100,100,4,120.816,35.50779691,67.22054734,83.49165092,101,4,0,1,FALSE,FALSE,FALSE,FALSE,FALSE,FALSE
13-01-2023,28595,20,1.5,91.62973931,100,1,107.19,48.3213231,83.86688624,51.06898386,90,4,0,1,TRUE,FALSE,FALSE,FALSE,FALSE,FALSE
14-01-2023,26182,36.110147,1.5,88.12694228,100,4,102.364,24.54800736,97.21782942,89.61101104,113,5,1,1,FALSE,FALSE,TRUE,FALSE,FALSE,FALSE
14-01-2023,33423,41.61631481,1.5,100,100,4,116.846,75.41627358,66.1155193,87.91277218,95,5,1,1,TRUE,FALSE,FALSE,FALSE,FALSE,FALSE
15-01-2023,49820,40.43791858,1.5,100,100,2,149.64,78.77286704,82.12636132,74.16870668,89,6,1,1,FALSE,TRUE,FALSE,FALSE,FALSE,FALSE
15-01-2023,37195,20,1.5,100,100,1,124.39,33.35774806,98.33867752,63.20186921,98,6,1,1,TRUE,FALSE,FALSE,FALSE,FALSE,FALSE
16-01-2023,25055,23.10574355,1.5,78.96033241,100,3,100.11,34.36454743,62.92151353,74.68181136,82,0,0,1,TRUE,FALSE,FALSE,FALSE,FALSE,FALSE
17-01-2023,24218,59.93417714,1.100523459,83.86007346,100,2,98.436,18.88822691,63.60979956,94.47133848,119,1,0,1,FALSE,FALSE,FALSE,FALSE,FALSE,FALSE
18-01-2023,39999,43.1416738,1.5,100,100,2,129.998,24.96866903,97.00118834,51.63002672,105,2,0,1,FALSE,FALSE,FALSE,FALSE,FALSE,FALSE
19-01-2023,20520,48.83328059,1.33476507,74.11082475,100,0,91.04,44.08286939,65.43371277,83.68802209,94,3,0,1,FALSE,FALSE,FALSE,FALSE,FALSE,FALSE
19-01-2023,33572,57.94529509,1.5,100,100,6,117.144,37.81651244,96.7817084,78.14864292,108,3,0,1,TRUE,FALSE,FALSE,FALSE,FALSE,FALSE
20-01-2023,44958,34.11550096,1.5,100,100,2,139.916,36.52107608,79.06230497,89.54012461,88,4,0,1,FALSE,FALSE,FALSE,FALSE,FALSE,TRUE
20-01-2023,27670,28.82330817,1.5,91.21226641,100,2,105.34,72.61064586,75.87630666,69.12559135,110,4,0,1,TRUE,FALSE,FALSE,FALSE,FALSE,FALSE
21-01-2023,32664,42.40714466,1.5,100,100,2,115.328,56.60268975,84.9606595,91.10798298,94,5,1,1,FALSE,FALSE,TRUE,FALSE,FALSE,FALSE
21-01-2023,34904,27.61260293,1.5,100,100,1,119.808,59.64131226,86.96255275,79.29100334,108,5,1,1,TRUE,FALSE,TRUE,FALSE,FALSE,FALSE
22-01-2023,10156,25.34629341,1.32472218,27.48468366,48.53111163,0,70.312,37.99125247,70.23958994,63.14479221,189,6,1,1,FALSE,FALSE,FALSE,FALSE,FALSE,FALSE
22-01-2023,13148,42.54072961,1.040281647,52.71389865,63.82590371,0,76.296,27.72089053,62.78638482,78.3190673,192,6,1,1,TRUE,TRUE,FALSE,FALSE,FALSE,FALSE
23-01-2023,21531,27.85492709,1.125118357,66.12475098,100,0,93.062,59.23450243,87.35836938,72.51090561,95,0,0,1,FALSE,FALSE,TRUE,FALSE,FALSE,FALSE
23-01-2023,27609,32.66944803,1.5,97.51240765,100,1,105.218,69.8737642,86.42706382,58.7760056,105,0,0,1,TRUE,FALSE,FALSE,FALSE,FALSE,FALSE
24-01-2023,35549,42.79297465,1.5,100,100,5,121.098,74.22885467,85.87768588,50.99561649,86,1,0,1,FALSE,FALSE,FALSE,FALSE,FALSE,FALSE
24-01-2023,27807,27.7419878,1.5,85.80463273,100,2,105.614,42.79470158,97.87772217,86.79131477,119,1,0,1,TRUE,FALSE,FALSE,FALSE,FALSE,FALSE
25-01-2023,32376,36.81103999,1.5,100,100,2,114.752,43.37375394,85.518566,54.78201904,105,2,0,1,FALSE,FALSE,FALSE,FALSE,FALSE,FALSE
25-01-2023,23047,53.58077556,1.26207773,83.80638654,100,0,96.094,67.78738306,82.04523167,91.38506495,91,2,0,1,TRUE,FALSE,FALSE,FALSE,FALSE,FALSE
26-01-2023,33226,35.73474971,1.5,100,100,3,116.452,21.06255518,60.62602609,99.66919944,95,3,0,1,FALSE,FALSE,FALSE,FALSE,FALSE,FALSE
26-01-2023,35292,20,1.5,100,100,0,120.584,68.79981336,85.10638586,97.07452154,103,3,0,1,TRUE,FALSE,FALSE,FALSE,FALSE,FALSE
27-01-2023,49899,39.49566928,1.5,100,100,2,149.798,75.58639423,82.26714079,58.19420361,107,4,0,1,FALSE,FALSE,FALSE,FALSE,FALSE,FALSE
27-01-2023,37244,34.88303744,1.5,100,100,1,124.488,17.37232235,73.91455079,93.50580939,111,4,0,1,TRUE,FALSE,FALSE,FALSE,FALSE,FALSE
28-01-2023,11383,36.77663211,1.049615792,29.82645041,57.32976726,1,72.766,48.96944583,77.62255089,81.69901241,222,5,1,1,FALSE,FALSE,FALSE,FALSE,FALSE,FALSE
28-01-2023,41545,42.36666821,1.5,100,100,2,133.09,64.25489938,97.6532623,92.5921979,96,5,1,1,TRUE,FALSE,FALSE,FALSE,FALSE,FALSE
29-01-2023,44054,37.37103217,1.5,100,100,5,138.108,51.02804993,99.27173658,92.43929064,96,6,1,1,TRUE,FALSE,TRUE,FALSE,FALSE,FALSE
30-01-2023,57944,32.79959613,1.5,100,100,1,165.888,13.27848916,66.60550655,95.4985387,108,0,0,1,FALSE,FALSE,FALSE,FALSE,FALSE,FALSE
30-01-2023,13135,44.56327817,1.04695188,47.91589158,61.13827926,3,76.27,26.95981982,97.05458054,81.33350924,203,0,0,1,TRUE,FALSE,FALSE,FALSE,FALSE,FALSE
31-01-2023,22026,42.50097757,1.233206353,64.22404889,100,0,94.052,71.14304392,62.60107886,72.81747074,88,1,0,1,FALSE,TRUE,FALSE,FALSE,FALSE,FALSE
31-01-2023,36190,38.3058906,1.5,100,100,2,122.38,58.13692804,64.12443397,92.20553722,108,1,0,1,TRUE,FALSE,FALSE,FALSE,FALSE,FALSE
01-02-2023,23629,59.12589542,1.013052311,73.23986254,100,2,97.258,30.66413608,91.79707589,96.9195241,102,2,0,2,FALSE,FALSE,FALSE,FALSE,FALSE,FALSE
02-02-2023,38874,36.14153225,1.5,100,100,2,127.748,17.86759762,85.43597911,59.63031827,87,3,0,2,FALSE,FALSE,FALSE,TRUE,FALSE,FALSE
03-02-2023,23375,44.08773324,1.20380679,72.0902244,100,5,96.75,25.65401838,64.89901179,67.67622655,86,4,0,2,FALSE,TRUE,FALSE,FALSE,FALSE,FALSE
03-02-2023,10288,39.76696511,1.399397951,42.74902571,47.91565456,1,70.576,50.36536893,81.35057704,86.30782759,193,4,0,2,TRUE,FALSE,FALSE,FALSE,FALSE,FALSE
04-02-2023,36590,62.08453522,1.5,100,100,4,123.18,28.96407246,75.865203,87.00455519,108,5,1,2,FALSE,FALSE,FALSE,FALSE,FALSE,FALSE
04-02-2023,24078,58.40097816,1.098714712,70.62178697,100,2,98.156,79.65434082,82.75119665,66.60035184,97,5,1,2,TRUE,FALSE,FALSE,FALSE,FALSE,FALSE
05-02-2023,26344,44.26357509,1.5,85.66415736,100,1,102.688,31.24320657,63.97748552,66.96520787,87,6,1,2,FALSE,TRUE,FALSE,FALSE,FALSE,TRUE
05-02-2023,13572,44.55366293,1.237164374,42.05325756,65.31140798,1,77.144,74.41669207,99.02767786,60.51963353,202,6,1,2,TRUE,FALSE,TRUE,FALSE,FALSE,FALSE
06-02-2023,21818,28.81540783,1.263447705,75.864997,100,2,93.636,58.20649374,67.15569221,92.53555687,97,0,0,2,FALSE,FALSE,FALSE,TRUE,FALSE,FALSE
06-02-2023,43281,33.415482,1.5,100,100,4,136.562,63.06798221,71.57428085,84.12089165,92,0,0,2,TRUE,FALSE,FALSE,FALSE,FALSE,FALSE
07-02-2023,11040,41.75739862,1.375707637,36.42322799,51.31119242,1,72.08,73.08396243,88.22621548,52.73581369,202,1,0,2,FALSE,TRUE,FALSE,FALSE,FALSE,FALSE
07-02-2023,20190,27.3436904,1.392389845,57.68220326,100,0,90.38,15.6264639,73.12705973,85.0383447,105,1,0,2,TRUE,TRUE,FALSE,FALSE,FALSE,FALSE
08-02-2023,36099,47.77588977,1.5,100,100,3,122.198,42.59013141,71.50689402,64.83677194,104,2,0,2,FALSE,FALSE,FALSE,FALSE,FALSE,FALSE
08-02-2023,42153,39.19717954,1.5,100,100,2,134.306,37.93383748,86.12351227,59.300363,111,2,0,2,TRUE,FALSE,FALSE,FALSE,FALSE,FALSE
09-02-2023,22791,52.66036314,1.273916881,77.8328353,100,0,95.582,61.92953992,91.80998914,73.74079116,97,3,0,2,FALSE,FALSE,TRUE,FALSE,FALSE,FALSE
09-02-2023,53001,20.46944374,1.5,100,100,2,156.002,16.89167393,80.47196242,58.55909797,123,3,0,2,TRUE,TRUE,FALSE,FALSE,FALSE,FALSE
10-02-2023,47705,42.01507184,1.5,100,100,3,145.41,53.37815691,86.28126223,57.70742135,110,4,0,2,FALSE,FALSE,FALSE,FALSE,FALSE,FALSE
10-02-2023,19914,51.18993438,1.17365189,58.54815018,100,0,89.828,15.79488053,91.60095003,50.98126557,103,4,0,2,TRUE,FALSE,FALSE,FALSE,FALSE,FALSE
11-02-2023,38220,30.73208737,1.5,100,100,1,126.44,70.02551565,64.98097329,59.75034363,92,5,1,2,FALSE,FALSE,FALSE,FALSE,FALSE,FALSE
11-02-2023,32931,36.0579429,1.5,100,100,3,115.862,25.56306241,79.62811872,63.36796966,98,5,1,2,TRUE,FALSE,FALSE,FALSE,FALSE,FALSE
12-02-2023,11761,58.76575893,1.185587394,35.71732595,59.87572037,1,73.522,49.60018139,78.59647451,89.09543344,202,6,1,2,FALSE,FALSE,FALSE,FALSE,FALSE,FALSE
13-02-2023,45747,52.71131799,1.5,100,100,0,141.494,23.27730187,68.6576541,87.10220407,97,0,0,2,FALSE,FALSE,FALSE,FALSE,FALSE,FALSE
13-02-2023,47002,35.01439548,1.5,100,100,1,144.004,17.54998868,66.43133931,83.33936818,113,0,0,2,TRUE,FALSE,FALSE,FALSE,FALSE,TRUE
14-02-2023,45608,31.66864813,1.5,100,100,2,141.216,54.63284321,67.87735885,78.51438511,85,1,0,2,FALSE,FALSE,TRUE,FALSE,FALSE,FALSE
14-02-2023,24146,33.68088202,1.040693721,87.88119679,100,1,98.292,58.75523018,75.87017584,57.6499546,87,1,0,2,TRUE,FALSE,FALSE,FALSE,FALSE,FALSE
15-02-2023,34880,28.02796022,1.5,100,100,2,119.76,47.16515235,60.96038941,87.0539175,101,2,0,2,TRUE,FALSE,FALSE,FALSE,FALSE,FALSE
16-02-2023,40226,40.84028704,1.5,100,100,2,130.452,70.69555046,70.21864203,78.61304297,106,3,0,2,FALSE,TRUE,FALSE,FALSE,FALSE,FALSE
16-02-2023,13331,61.48886706,1.136521781,50.1459262,69.91642549,0,76.662,57.75907497,85.68100287,67.13220874,205,3,0,2,TRUE,FALSE,FALSE,FALSE,FALSE,TRUE
17-02-2023,36943,31.26634124,1.5,100,100,0,123.886,70.47055348,61.32005668,64.92712994,102,4,0,2,FALSE,FALSE,FALSE,FALSE,FALSE,FALSE
17-02-2023,12182,57.50152261,1.169953501,49.10997008,63.57225438,0,74.364,71.58756232,84.06849454,98.67523338,217,4,0,2,TRUE,FALSE,TRUE,FALSE,FALSE,FALSE
18-02-2023,51656,48.6417227,1.5,100,100,1,153.312,46.01024641,91.3091427,59.07285612,108,5,1,2,FALSE,FALSE,FALSE,FALSE,FALSE,FALSE
18-02-2023,42440,39.43081813,1.5,100,100,1,134.88,50.92558997,64.59241951,78.14039558,127,5,1,2,TRUE,FALSE,FALSE,FALSE,FALSE,FALSE
19-02-2023,39377,26.41561773,1.5,100,100,3,128.754,57.32288058,77.80755582,95.53742812,113,6,1,2,FALSE,TRUE,FALSE,FALSE,FALSE,FALSE
19-02-2023,23785,49.53349436,1.154936616,74.61691169,100,3,97.57,66.24287487,97.26376607,72.01883704,96,6,1,2,TRUE,FALSE,FALSE,FALSE,FALSE,FALSE
20-02-2023,23589,40.05026502,1.079965058,74.44680344,100,7,97.178,31.40494798,60.13233351,67.68064472,97,0,0,2,FALSE,FALSE,TRUE,FALSE,FALSE,FALSE
20-02-2023,41122,47.18986701,1.5,100,100,3,132.244,22.31745574,88.85027436,74.95697768,99,0,0,2,TRUE,FALSE,FALSE,FALSE,FALSE,FALSE
21-02-2023,11325,59.51969776,1.051565636,35.49129867,52.60801486,1,72.65,19.66196434,70.08382711,86.23245517,213,1,0,2,FALSE,FALSE,FALSE,FALSE,FALSE,FALSE
21-02-2023,23865,34.42929875,1.308421078,79.97235535,100,2,97.73,46.64562779,98.613486,79.9082077,104,1,0,2,TRUE,FALSE,FALSE,FALSE,FALSE,FALSE
22-02-2023,24229,43.47980193,1.266653442,81.20963651,100,3,98.458,74.61093392,78.45294834,74.3827512,121,2,0,2,FALSE,FALSE,FALSE,FALSE,FALSE,FALSE
23-02-2023,24547,41.94967925,1.058652934,74.74672177,100,3,99.094,47.43911564,73.17921019,83.83082657,107,3,0,2,FALSE,FALSE,FALSE,FALSE,FALSE,FALSE
23-02-2023,43955,38.5669509,1.5,100,100,2,137.91,11.07237491,73.26818193,51.31695087,113,3,0,2,TRUE,FALSE,FALSE,FALSE,TRUE,FALSE
24-02-2023,37781,47.23110863,1.5,100,100,2,125.562,46.56902496,86.91901568,73.39863566,99,4,0,2,FALSE,TRUE,FALSE,FALSE,FALSE,FALSE
25-02-2023,36605,24.39847552,1.5,100,100,1,123.21,18.40922204,68.76175943,99.53173084,110,5,1,2,FALSE,FALSE,FALSE,FALSE,FALSE,FALSE
25-02-2023,11981,47.94601867,1.24940294,39.16588151,54.99983643,1,73.962,42.96553343,74.39856557,71.63282338,210,5,1,2,TRUE,FALSE,TRUE,FALSE,FALSE,FALSE
26-02-2023,26272,32.29085513,1.5,80.31167375,100,2,102.544,78.45623994,60.62528436,61.97768113,99,6,1,2,FALSE,TRUE,FALSE,FALSE,FALSE,FALSE
26-02-2023,49534,34.6483836,1.5,100,100,0,149.068,47.23415965,79.37886452,92.81498084,106,6,1,2,TRUE,FALSE,TRUE,FALSE,FALSE,FALSE
27-02-2023,45227,53.89235263,1.5,100,100,3,140.454,61.45553606,77.42122167,70.25973024,109,0,0,2,FALSE,FALSE,TRUE,FALSE,FALSE,FALSE
27-02-2023,40035,44.35171917,1.5,100,100,3,130.07,72.36520142,93.27774158,85.89279631,108,0,0,2,TRUE,FALSE,TRUE,FALSE,FALSE,FALSE
28-02-2023,25402,27.171632,1.5,79.93616455,100,2,100.804,21.64524069,90.10106914,92.34971027,97,1,0,2,FALSE,FALSE,FALSE,FALSE,FALSE,FALSE
01-03-2023,53158,20,1.5,100,100,3,156.316,57.02610006,92.16875632,92.05636339,92,2,0,3,FALSE,FALSE,FALSE,FALSE,FALSE,FALSE
01-03-2023,43317,31.72113995,1.5,100,100,2,136.634,22.53201197,76.24375184,57.21221853,107,2,0,3,TRUE,FALSE,FALSE,FALSE,FALSE,FALSE
02-03-2023,50183,32.68897719,1.5,100,100,2,150.366,59.41382087,67.01411041,73.14965841,88,3,0,3,TRUE,FALSE,FALSE,FALSE,FALSE,FALSE
03-03-2023,35513,34.71497082,1.5,100,100,0,121.026,13.38088926,68.01686535,58.84081408,95,4,0,3,FALSE,FALSE,FALSE,FALSE,FALSE,FALSE
03-03-2023,40823,20,1.5,100,100,1,131.646,33.33971589,82.05714655,99.44509082,98,4,0,3,TRUE,FALSE,FALSE,FALSE,FALSE,FALSE
04-03-2023,29500,39.47084809,1.5,100,100,2,109,32.46266628,80.85718403,88.38091125,98,5,1,3,FALSE,FALSE,FALSE,FALSE,TRUE,FALSE
04-03-2023,36515,35.1637572,1.5,100,100,2,123.03,50.13460346,62.81902412,76.37941552,111,5,1,3,TRUE,FALSE,FALSE,FALSE,FALSE,FALSE
05-03-2023,33110,28.23116147,1.5,100,100,1,116.22,10.35011744,67.07658426,86.38769892,97,6,1,3,FALSE,FALSE,FALSE,FALSE,FALSE,FALSE
05-03-2023,13792,41.07029968,1.137924414,54.17570393,71.51231856,0,77.584,22.86784756,61.73755634,90.08321637,186,6,1,3,TRUE,FALSE,FALSE,FALSE,FALSE,TRUE
06-03-2023,26348,45.44306694,1.5,95.23307088,100,3,102.696,59.90889573,71.24882247,74.35161946,96,0,0,3,FALSE,FALSE,FALSE,TRUE,FALSE,FALSE
07-03-2023,11014,32.47325938,1.398952565,35.99658486,57.68885246,1,72.028,11.27935249,60.77397936,90.93889583,210,1,0,3,FALSE,FALSE,FALSE,FALSE,FALSE,TRUE
07-03-2023,38063,35.71445099,1.5,100,100,4,126.126,28.48937818,97.48380034,91.7212675,89,1,0,3,TRUE,FALSE,FALSE,FALSE,FALSE,FALSE
08-03-2023,21160,42.75923272,1.156404161,63.66115854,100,0,92.32,10.42162407,94.79636892,82.06320534,102,2,0,3,FALSE,TRUE,FALSE,FALSE,FALSE,FALSE
09-03-2023,36329,21.05784088,1.5,100,100,5,122.658,75.95962195,72.29962172,93.29097029,104,3,0,3,FALSE,FALSE,FALSE,FALSE,FALSE,FALSE
09-03-2023,23369,32.65454849,1.066050684,70.98239576,100,1,96.738,78.45590315,73.32517928,93.68149233,97,3,0,3,TRUE,FALSE,FALSE,FALSE,FALSE,FALSE
10-03-2023,35103,22.2257293,1.5,100,100,2,120.206,26.73762646,88.46350857,76.74546663,96,4,0,3,FALSE,FALSE,FALSE,FALSE,FALSE,TRUE
11-03-2023,20987,38.55146922,1.179719081,62.21419324,100,0,91.974,44.42823916,71.86732839,79.51542759,99,5,1,3,FALSE,FALSE,FALSE,FALSE,FALSE,FALSE
11-03-2023,12496,40.72662202,1.352840289,43.12704127,66.33572198,0,74.992,76.16166978,62.28814456,82.1195032,194,5,1,3,TRUE,FALSE,TRUE,FALSE,FALSE,FALSE
12-03-2023,49336,39.45983549,1.5,100,100,1,148.672,39.13167247,64.47585671,86.4319768,115,6,1,3,FALSE,FALSE,FALSE,FALSE,FALSE,FALSE
12-03-2023,31659,38.22871486,1.5,100,100,1,113.318,25.60567902,85.08462085,64.17326935,92,6,1,3,TRUE,FALSE,FALSE,FALSE,FALSE,FALSE
13-03-2023,12738,49.79930451,1.101214684,41.86262114,68.300909,0,75.476,19.50698696,96.46612027,74.75838346,193,0,0,3,FALSE,FALSE,FALSE,FALSE,FALSE,FALSE
13-03-2023,33315,48.16106972,1.5,100,100,2,116.63,24.41589761,63.56010353,69.64774972,81,0,0,3,TRUE,FALSE,TRUE,FALSE,FALSE,FALSE
14-03-2023,38685,34.4856199,1.5,100,100,1,127.37,32.79348007,80.52948716,60.1291375,102,1,0,3,FALSE,FALSE,FALSE,TRUE,FALSE,FALSE
14-03-2023,20524,42.67730287,1.241451436,67.227474,99.79112747,0,91.048,29.56276538,96.43650879,76.09771377,104,1,0,3,TRUE,FALSE,FALSE,FALSE,FALSE,FALSE
15-03-2023,55288,43.29892359,1.5,100,100,3,160.576,23.69244834,75.00160344,66.20200486,100,2,0,3,FALSE,TRUE,FALSE,FALSE,FALSE,FALSE
15-03-2023,27167,28.3463546,1.5,83.04063399,100,4,104.334,74.45811686,73.78421399,68.68708453,93,2,0,3,TRUE,FALSE,FALSE,FALSE,FALSE,FALSE
16-03-2023,12830,45.07534047,1.347906432,40.09775307,60.31129178,0,75.66,24.60824886,90.00229742,77.40549463,217,3,0,3,FALSE,TRUE,FALSE,FALSE,FALSE,FALSE
16-03-2023,38188,41.31695719,1.5,100,100,2,126.376,37.37134412,92.12105902,66.99013202,94,3,0,3,TRUE,FALSE,FALSE,FALSE,TRUE,TRUE
17-03-2023,24373,54.54076363,1.209782119,72.30596286,100,2,98.746,31.0318682,74.84904185,91.3248448,101,4,0,3,FALSE,FALSE,FALSE,FALSE,FALSE,TRUE
17-03-2023,23189,60.32956977,1.339987603,84.70299414,100,3,96.378,36.70617079,98.49449408,88.62823507,93,4,0,3,TRUE,FALSE,FALSE,FALSE,FALSE,FALSE
18-03-2023,20790,51.78657633,1.260980844,61.99402087,100,2,91.58,59.9738984,81.28162447,92.19207664,97,5,1,3,FALSE,FALSE,FALSE,FALSE,FALSE,FALSE
18-03-2023,48350,35.82960535,1.5,100,100,3,146.7,59.72468036,92.83586009,86.91913179,111,5,1,3,TRUE,FALSE,TRUE,FALSE,FALSE,FALSE
19-03-2023,31111,20,1.5,100,100,0,112.222,26.11316854,68.40830547,91.642809,98,6,1,3,FALSE,FALSE,FALSE,FALSE,FALSE,FALSE
19-03-2023,37605,31.22039311,1.5,100,100,0,125.21,30.50988012,65.03054381,87.01639511,92,6,1,3,TRUE,FALSE,TRUE,FALSE,FALSE,FALSE
20-03-2023,40983,36.8105261,1.5,100,100,0,131.966,52.36854783,68.41182217,69.96186259,95,0,0,3,FALSE,FALSE,FALSE,FALSE,FALSE,TRUE
20-03-2023,52764,28.71278101,1.5,100,100,0,155.528,38.20176785,95.77331715,68.67559652,103,0,0,3,TRUE,FALSE,FALSE,FALSE,FALSE,FALSE
21-03-2023,24341,45.68348057,1.102424634,85.4712272,100,2,98.682,12.70632683,99.58565243,88.60385748,96,1,0,3,FALSE,FALSE,FALSE,FALSE,FALSE,FALSE
21-03-2023,32823,42.5979754,1.5,100,100,2,115.646,61.45868089,74.79289118,55.65663872,110,1,0,3,TRUE,FALSE,FALSE,FALSE,FALSE,FALSE
22-03-2023,50485,38.75823636,1.5,100,100,4,150.97,37.32918602,92.12877358,95.45087504,92,2,0,3,FALSE,FALSE,FALSE,FALSE,FALSE,FALSE
22-03-2023,24101,44.51003654,1.085857143,75.17415039,100,2,98.202,76.7551445,73.42081681,87.37429242,91,2,0,3,TRUE,FALSE,FALSE,FALSE,FALSE,FALSE
23-03-2023,29719,39.89560507,1.5,89.07646376,100,1,109.438,31.3278891,86.59568756,71.81666856,95,3,0,3,FALSE,FALSE,TRUE,FALSE,FALSE,FALSE
23-03-2023,29332,33.78961914,1.5,100,100,4,108.664,24.24310928,86.66278499,89.25977942,80,3,0,3,TRUE,FALSE,FALSE,FALSE,FALSE,FALSE
24-03-2023,34541,31.60127214,1.5,100,100,6,119.082,27.69317751,78.87760837,57.12770065,102,4,0,3,FALSE,FALSE,FALSE,FALSE,FALSE,FALSE
24-03-2023,32737,42.60215142,1.5,100,100,1,115.474,50.17792484,94.2524511,70.30311543,92,4,0,3,TRUE,FALSE,TRUE,FALSE,FALSE,FALSE
25-03-2023,36204,46.06820583,1.5,100,100,1,122.408,63.39102405,78.93740613,76.64315834,103,5,1,3,FALSE,FALSE,TRUE,FALSE,FALSE,FALSE
25-03-2023,52491,20.20180373,1.5,100,100,3,154.982,58.33021332,65.77348907,93.05140125,99,5,1,3,TRUE,FALSE,FALSE,FALSE,FALSE,FALSE
26-03-2023,45475,27.50303986,1.5,100,100,2,140.95,67.96234673,79.62066391,72.37860378,87,6,1,3,FALSE,FALSE,TRUE,FALSE,FALSE,FALSE
26-03-2023,39526,35.33038158,1.5,100,100,0,129.052,29.67467333,82.54159543,58.50212653,95,6,1,3,TRUE,FALSE,FALSE,FALSE,FALSE,FALSE
27-03-2023,35514,48.23766565,1.5,100,100,2,121.028,70.03414321,70.48282577,58.45973117,102,0,0,3,FALSE,TRUE,FALSE,FALSE,FALSE,FALSE
27-03-2023,52279,30.8476666,1.5,100,100,2,154.558,39.83893365,99.58507673,68.17073849,105,0,0,3,TRUE,FALSE,FALSE,FALSE,FALSE,TRUE
28-03-2023,36211,31.55830533,1.5,100,100,4,122.422,54.28184202,70.63858821,83.42261561,110,1,0,3,FALSE,FALSE,FALSE,FALSE,FALSE,FALSE
28-03-2023,26877,46.03654832,1.5,82.53933414,100,3,103.754,74.21504582,96.137839,67.14538089,95,1,0,3,TRUE,FALSE,FALSE,FALSE,FALSE,FALSE
29-03-2023,35874,30.34957834,1.5,100,100,3,121.748,27.09031236,92.11279675,61.40319876,116,2,0,3,TRUE,FALSE,FALSE,FALSE,FALSE,TRUE
30-03-2023,22178,47.59210076,1.192855765,73.19591421,100,2,94.356,43.75829415,77.26608845,51.67710741,106,3,0,3,FALSE,FALSE,TRUE,FALSE,FALSE,FALSE
30-03-2023,30499,40.7391838,1.5,94.09902879,100,2,110.998,26.14436366,60.80916641,94.25331176,98,3,0,3,TRUE,FALSE,FALSE,FALSE,FALSE,FALSE
31-03-2023,24550,61.03990004,1.326674605,78.16139855,100,5,99.1,77.87938436,61.23577284,69.13314444,94,4,0,3,FALSE,FALSE,FALSE,FALSE,FALSE,FALSE
31-03-2023,24776,40.70047079,1.377582467,90.61511149,100,3,99.552,25.03812614,97.55779723,86.99530831,111,4,0,3,TRUE,FALSE,FALSE,FALSE,FALSE,FALSE
01-04-2023,12279,44.90229817,1.363014967,32.3704557,58.2728366,0,74.558,68.12803187,92.98857727,59.25022514,201,5,1,4,FALSE,FALSE,FALSE,FALSE,FALSE,FALSE
01-04-2023,34755,36.76030463,1.5,100,100,2,119.51,48.38532849,94.79895068,95.05090815,95,5,1,4,TRUE,TRUE,FALSE,FALSE,FALSE,FALSE
02-04-2023,24523,52.19371367,1.072107699,82.93917362,100,1,99.046,49.14800105,82.57540904,89.49703905,100,6,1,4,FALSE,FALSE,FALSE,FALSE,FALSE,FALSE
02-04-2023,50784,33.89272781,1.5,100,100,2,151.568,48.46469003,73.36588145,75.28107621,118,6,1,4,TRUE,FALSE,FALSE,FALSE,FALSE,FALSE
03-04-2023,25362,37.90647711,1.5,93.14964875,100,0,100.724,71.50650149,89.90979529,62.57055271,110,0,0,4,FALSE,FALSE,TRUE,FALSE,FALSE,FALSE
03-04-2023,36112,32.1348169,1.5,100,100,2,122.224,47.8097869,84.85831977,53.62699187,87,0,0,4,TRUE,FALSE,FALSE,FALSE,FALSE,FALSE
04-04-2023,45427,28.63992608,1.5,100,100,2,140.854,28.08657832,62.72503718,60.19705935,88,1,0,4,TRUE,FALSE,FALSE,TRUE,FALSE,FALSE
05-04-2023,46354,37.72561776,1.5,100,100,3,142.708,75.66755377,81.24546122,92.96190115,93,2,0,4,FALSE,FALSE,FALSE,FALSE,FALSE,FALSE
05-04-2023,11101,49.78714792,1.119727443,41.77952976,52.14089996,0,72.202,51.24227144,66.57431493,63.73907228,204,2,0,4,TRUE,FALSE,FALSE,TRUE,FALSE,FALSE
06-04-2023,48946,28.76675282,1.5,100,100,1,147.892,53.85926037,88.99700279,58.54896383,88,3,0,4,FALSE,FALSE,FALSE,FALSE,FALSE,FALSE
06-04-2023,35359,47.49606495,1.5,100,100,3,120.718,33.01668962,60.71040203,99.11314118,76,3,0,4,TRUE,TRUE,FALSE,FALSE,FALSE,FALSE
07-04-2023,23171,47.08169698,1.022330383,73.7436253,100,1,96.342,68.44478292,67.18085685,91.16487708,99,4,0,4,FALSE,FALSE,FALSE,FALSE,FALSE,TRUE
07-04-2023,25652,20,1.5,92.01000123,100,2,101.304,34.36918544,97.21363018,63.40562612,99,4,0,4,TRUE,TRUE,FALSE,FALSE,FALSE,FALSE
08-04-2023,36045,42.74265194,1.5,100,100,3,122.09,65.98230413,87.52160651,68.98390499,109,5,1,4,FALSE,FALSE,FALSE,FALSE,FALSE,FALSE
08-04-2023,27124,38.96638616,1.5,95.28040281,100,5,104.248,21.73335378,64.36381687,84.11652076,96,5,1,4,TRUE,TRUE,FALSE,FALSE,FALSE,FALSE
09-04-2023,48452,31.93919312,1.5,100,100,7,146.904,12.4718329,60.39553274,79.33115987,101,6,1,4,FALSE,FALSE,TRUE,FALSE,FALSE,FALSE
09-04-2023,10917,55.66424258,1.037365384,41.95174132,51.76379414,0,71.834,47.16013467,87.41769272,74.37190361,208,6,1,4,TRUE,TRUE,FALSE,FALSE,FALSE,FALSE
10-04-2023,33704,47.50681438,1.5,100,100,3,117.408,55.35302611,96.91541861,61.81057033,91,0,0,4,FALSE,FALSE,FALSE,FALSE,FALSE,FALSE
10-04-2023,47578,27.8310233,1.5,100,100,0,145.156,10.79769128,91.33310975,56.89888177,102,0,0,4,TRUE,FALSE,FALSE,FALSE,FALSE,FALSE
11-04-2023,37222,46.20597231,1.5,100,100,2,124.444,47.1907048,92.50666645,75.50629382,115,1,0,4,FALSE,FALSE,FALSE,FALSE,TRUE,FALSE
11-04-2023,20460,52.42692444,1.017681503,68.34373983,99.29696361,1,90.92,77.0688046,95.06721916,93.69270754,109,1,0,4,TRUE,FALSE,FALSE,FALSE,FALSE,FALSE
12-04-2023,25051,41.09708923,1.5,75.18789696,100,1,100.102,32.4267789,80.19005731,80.14831997,107,2,0,4,FALSE,FALSE,FALSE,FALSE,FALSE,FALSE
12-04-2023,30634,39.27148696,1.5,100,100,2,111.268,56.76030233,85.10631942,72.9116778,92,2,0,4,TRUE,FALSE,FALSE,FALSE,FALSE,FALSE
13-04-2023,10803,50.76442304,1.343808623,40.4433144,56.67369883,0,71.606,54.31378719,81.1233575,63.42259324,214,3,0,4,FALSE,FALSE,FALSE,FALSE,FALSE,FALSE
13-04-2023,23041,33.40778902,1.277593268,85.98932192,100,1,96.082,25.77132676,76.73807413,73.08687025,93,3,0,4,TRUE,FALSE,FALSE,FALSE,FALSE,FALSE
14-04-2023,22819,34.83977041,1.141997118,82.2869729,100,2,95.638,10.01828771,95.5463438,61.91280908,88,4,0,4,FALSE,FALSE,FALSE,FALSE,FALSE,FALSE
14-04-2023,21284,48.88735102,1.079022389,72.85560674,100,4,92.568,25.40174229,89.93859207,55.39229206,89,4,0,4,TRUE,FALSE,TRUE,FALSE,FALSE,TRUE
15-04-2023,41824,20,1.5,100,100,3,133.648,15.2713935,68.57451145,56.9722712,68,5,1,4,FALSE,FALSE,FALSE,FALSE,FALSE,FALSE
16-04-2023,44975,23.482318,1.5,100,100,3,139.95,67.11701494,76.40972509,94.5303805,86,6,1,4,FALSE,FALSE,FALSE,TRUE,FALSE,FALSE
16-04-2023,38809,33.54992606,1.5,100,100,1,127.618,43.64581939,69.40564887,58.18983337,95,6,1,4,TRUE,FALSE,FALSE,FALSE,FALSE,FALSE
17-04-2023,38635,30.25206098,1.5,100,100,2,127.27,19.26723179,74.3119485,67.9450559,98,0,0,4,FALSE,FALSE,TRUE,FALSE,FALSE,FALSE
18-04-2023,22801,60.63470532,1.269620037,71.49766639,100,0,95.602,66.24319459,67.87876873,68.17321751,108,1,0,4,FALSE,FALSE,FALSE,FALSE,FALSE,FALSE
18-04-2023,38443,32.83284915,1.5,100,100,4,126.886,24.10727266,87.23777401,62.4782304,99,1,0,4,TRUE,TRUE,FALSE,FALSE,FALSE,FALSE
19-04-2023,34646,62.39035475,1.5,100,100,3,119.292,11.05235043,81.08138256,56.57004782,106,2,0,4,TRUE,TRUE,FALSE,FALSE,FALSE,FALSE
20-04-2023,37674,30.11479904,1.5,100,100,0,125.348,60.2556211,78.4268682,71.16743111,119,3,0,4,FALSE,FALSE,FALSE,FALSE,FALSE,FALSE
20-04-2023,38429,37.74243532,1.5,100,100,2,126.858,54.63075226,69.75883412,56.41654848,107,3,0,4,TRUE,FALSE,FALSE,FALSE,FALSE,FALSE
21-04-2023,23945,34.07400511,1.136131108,72.62149906,100,1,97.89,75.52835324,91.01823282,66.27789185,92,4,0,4,FALSE,FALSE,FALSE,FALSE,FALSE,FALSE
21-04-2023,12170,58.43368259,1.271040056,34.94675599,55.85270575,0,74.34,23.34391368,77.40866058,54.54489055,221,4,0,4,TRUE,TRUE,FALSE,FALSE,FALSE,FALSE
22-04-2023,38600,24.9955488,1.5,100,100,0,127.2,53.03246947,71.61536029,58.42958191,101,5,1,4,FALSE,FALSE,FALSE,FALSE,FALSE,FALSE
22-04-2023,48402,45.74112112,1.5,100,100,2,146.804,29.77133489,97.96192542,87.95144527,79,5,1,4,TRUE,FALSE,FALSE,TRUE,FALSE,FALSE
23-04-2023,32263,27.32151405,1.5,100,100,3,114.526,20.0475105,85.83333761,77.26100206,100,6,1,4,FALSE,TRUE,FALSE,FALSE,FALSE,FALSE
23-04-2023,34195,47.75205556,1.5,100,100,5,118.39,46.75851089,87.311994,58.6130589,110,6,1,4,TRUE,FALSE,TRUE,FALSE,FALSE,FALSE
24-04-2023,23508,36.56070644,1.022889999,81.25959459,100,2,97.016,34.29006047,85.63844115,78.91002442,105,0,0,4,TRUE,FALSE,FALSE,FALSE,FALSE,FALSE
25-04-2023,22730,40.51054323,1.113432134,81.60709452,100,3,95.46,51.051887,84.33470652,60.3265532,84,1,0,4,FALSE,FALSE,FALSE,FALSE,FALSE,FALSE
25-04-2023,40912,44.62824203,1.5,100,100,3,131.824,46.79676212,60.92991231,90.10184157,98,1,0,4,TRUE,FALSE,FALSE,FALSE,FALSE,FALSE
26-04-2023,11814,42.95032965,1.025152559,42.00966568,56.36599861,0,73.628,64.78285425,76.34113973,88.44251372,212,2,0,4,FALSE,FALSE,FALSE,FALSE,FALSE,FALSE
26-04-2023,36512,47.1870878,1.5,100,100,2,123.024,17.16088493,67.54046457,83.64655596,107,2,0,4,TRUE,FALSE,FALSE,FALSE,FALSE,FALSE
27-04-2023,38544,21.60793984,1.5,100,100,2,127.088,12.23482822,93.13344662,78.94197553,99,3,0,4,FALSE,FALSE,FALSE,FALSE,FALSE,FALSE
27-04-2023,10537,48.21731643,1.300016872,34.16019652,50.1889848,1,71.074,63.29967164,78.08711825,90.63228142,182,3,0,4,TRUE,FALSE,FALSE,FALSE,FALSE,TRUE
28-04-2023,11213,43.78211213,1.024721186,41.65131179,53.63875655,1,72.426,19.85269147,75.43116155,53.30319431,197,4,0,4,FALSE,FALSE,FALSE,FALSE,FALSE,FALSE
28-04-2023,37166,24.43635299,1.5,100,100,3,124.332,48.27405329,86.80548143,83.49586945,109,4,0,4,TRUE,FALSE,TRUE,FALSE,FALSE,FALSE
29-04-2023,32628,25.8634227,1.5,100,100,2,115.256,69.26671142,75.3711194,59.4874607,88,5,1,4,FALSE,FALSE,FALSE,FALSE,FALSE,FALSE
29-04-2023,40228,33.95026524,1.5,100,100,2,130.456,43.16399599,73.32432623,73.13082673,121,5,1,4,TRUE,FALSE,FALSE,TRUE,FALSE,FALSE
30-04-2023,41972,27.99557922,1.5,100,100,1,133.944,41.0970581,93.31056952,83.80025932,109,6,1,4,FALSE,FALSE,FALSE,FALSE,FALSE,FALSE
30-04-2023,38978,42.164149,1.5,100,100,2,127.956,64.37829166,90.14928294,91.58996436,106,6,1,4,TRUE,FALSE,FALSE,FALSE,FALSE,FALSE
01-05-2023,31236,35.09061141,1.5,100,100,1,112.472,57.74971676,88.19969325,93.62570077,97,0,0,5,TRUE,FALSE,FALSE,FALSE,FALSE,FALSE
02-05-2023,38297,22.93385915,1.5,100,100,3,126.594,27.96194415,94.01059093,84.26995444,97,1,0,5,FALSE,FALSE,FALSE,FALSE,FALSE,FALSE
02-05-2023,39523,44.98282805,1.5,100,100,0,129.046,48.36882956,62.81986848,83.04346614,89,1,0,5,TRUE,TRUE,FALSE,FALSE,FALSE,FALSE
03-05-2023,24362,38.51357233,1.062022493,88.46879909,100,0,98.724,26.50875301,85.00900433,86.2628958,100,2,0,5,TRUE,FALSE,FALSE,FALSE,FALSE,FALSE
04-05-2023,12783,45.0154948,1.328393017,48.13249156,64.96945639,0,75.566,41.22261597,63.47862412,53.23929776,216,3,0,5,FALSE,FALSE,FALSE,FALSE,FALSE,FALSE
04-05-2023,27074,20,1.5,92.17230198,100,1,104.148,11.55985307,78.38138952,60.14713335,120,3,0,5,TRUE,FALSE,FALSE,FALSE,FALSE,FALSE
05-05-2023,40205,34.60178369,1.5,100,100,5,130.41,15.10829472,87.40002536,65.08051501,104,4,0,5,FALSE,FALSE,FALSE,FALSE,TRUE,FALSE
05-05-2023,37243,38.28944725,1.5,100,100,2,124.486,15.46474646,82.62377899,76.69502244,103,4,0,5,TRUE,FALSE,FALSE,FALSE,FALSE,FALSE
06-05-2023,52646,34.76812004,1.5,100,100,0,155.292,23.05323016,74.15619433,64.80669214,122,5,1,5,TRUE,FALSE,FALSE,FALSE,TRUE,FALSE
07-05-2023,46987,46.77634921,1.5,100,100,0,143.974,46.80627618,76.98683465,98.49590357,103,6,1,5,FALSE,FALSE,FALSE,FALSE,FALSE,FALSE
07-05-2023,35813,47.45350808,1.5,100,100,5,121.626,68.93468728,92.26347631,73.87440029,97,6,1,5,TRUE,FALSE,TRUE,FALSE,FALSE,FALSE
08-05-2023,24722,22.42269234,1.035746781,84.22650855,100,2,99.444,72.61988899,62.72307571,96.36401839,100,0,0,5,FALSE,FALSE,FALSE,FALSE,FALSE,FALSE
08-05-2023,48088,49.46529333,1.5,100,100,3,146.176,49.08319881,98.28875362,54.22870307,90,0,0,5,TRUE,FALSE,FALSE,TRUE,FALSE,FALSE
09-05-2023,45897,40.7685424,1.5,100,100,3,141.794,22.01529584,60.36756393,99.7311365,91,1,0,5,FALSE,FALSE,TRUE,FALSE,FALSE,FALSE
09-05-2023,44015,49.53111509,1.5,100,100,1,138.03,59.09229808,61.16019617,92.29203883,94,1,0,5,TRUE,FALSE,TRUE,FALSE,FALSE,FALSE
10-05-2023,24188,30.28522145,1.198065814,76.13053972,100,1,98.376,47.49334578,65.34557776,80.30260966,98,2,0,5,FALSE,FALSE,TRUE,FALSE,FALSE,FALSE
10-05-2023,35939,41.53176955,1.5,100,100,2,121.878,27.67530842,91.38773677,82.05218061,124,2,0,5,TRUE,FALSE,FALSE,TRUE,FALSE,FALSE
11-05-2023,35849,34.00864832,1.5,100,100,3,121.698,34.14212914,98.7869206,97.50778456,104,3,0,5,FALSE,FALSE,FALSE,FALSE,TRUE,FALSE
11-05-2023,40509,52.77878736,1.5,100,100,3,131.018,71.81131725,72.70071185,97.23386439,95,3,0,5,TRUE,FALSE,FALSE,FALSE,FALSE,FALSE
12-05-2023,48873,25.25467282,1.5,100,100,3,147.746,46.45453842,77.96102842,61.39037933,103,4,0,5,FALSE,FALSE,FALSE,FALSE,FALSE,FALSE
12-05-2023,34833,28.54721558,1.5,100,100,0,119.666,71.51311522,81.11536707,83.26606955,118,4,0,5,TRUE,TRUE,FALSE,FALSE,FALSE,FALSE
13-05-2023,24921,47.11319552,1.016998725,88.33115353,100,2,99.842,31.0665439,67.4734588,98.89358458,102,5,1,5,FALSE,FALSE,FALSE,FALSE,FALSE,FALSE
13-05-2023,40757,45.66610955,1.5,100,100,2,131.514,78.50782948,82.86921551,74.92549765,112,5,1,5,TRUE,FALSE,FALSE,FALSE,FALSE,FALSE
14-05-2023,43879,39.75243185,1.5,100,100,3,137.758,59.69164245,89.26696765,90.47675972,101,6,1,5,FALSE,FALSE,TRUE,FALSE,FALSE,FALSE
14-05-2023,35998,41.11375293,1.5,100,100,4,121.996,66.17765279,74.69811766,87.66228531,89,6,1,5,TRUE,FALSE,TRUE,FALSE,FALSE,FALSE
15-05-2023,25295,20,1.5,90.41166002,100,3,100.59,49.13720166,60.73755273,97.5559358,102,0,0,5,FALSE,FALSE,FALSE,FALSE,FALSE,FALSE
15-05-2023,24669,48.25744903,1.025485303,80.04210478,100,3,99.338,25.51896033,88.93306503,98.81026022,121,0,0,5,TRUE,FALSE,FALSE,FALSE,FALSE,FALSE
16-05-2023,34233,38.82383128,1.5,100,100,4,118.466,56.99660979,80.90472383,60.62942612,94,1,0,5,FALSE,FALSE,FALSE,FALSE,FALSE,TRUE
17-05-2023,38608,26.15803727,1.5,100,100,3,127.216,13.46804182,99.10811988,88.17444788,114,2,0,5,FALSE,FALSE,FALSE,FALSE,FALSE,FALSE
18-05-2023,35985,44.30669257,1.5,100,100,0,121.97,71.74246338,69.60432461,53.25280992,97,3,0,5,FALSE,FALSE,FALSE,FALSE,FALSE,FALSE
18-05-2023,26731,32.42458873,1.5,97.73213806,100,1,103.462,53.1913446,73.06386134,75.72492642,107,3,0,5,TRUE,FALSE,FALSE,FALSE,FALSE,FALSE
19-05-2023,36508,36.21948264,1.5,100,100,4,123.016,15.46668803,81.75352351,68.25210649,89,4,0,5,FALSE,FALSE,FALSE,FALSE,FALSE,TRUE
19-05-2023,32119,43.05508369,1.5,100,100,4,114.238,58.5903334,78.94501488,98.83255723,104,4,0,5,TRUE,FALSE,FALSE,TRUE,FALSE,FALSE
20-05-2023,34881,26.38032424,1.5,100,100,2,119.762,79.23864392,77.66013342,87.04779953,103,5,1,5,FALSE,FALSE,FALSE,FALSE,FALSE,TRUE
20-05-2023,36968,30.42898773,1.5,100,100,3,123.936,55.41200659,85.20355031,89.95727714,98,5,1,5,TRUE,FALSE,FALSE,FALSE,FALSE,FALSE
21-05-2023,24487,47.96608558,1.008434874,89.27690458,100,2,98.974,34.98233508,78.0011631,87.6956071,110,6,1,5,FALSE,FALSE,FALSE,FALSE,FALSE,FALSE
21-05-2023,50110,27.17012605,1.5,100,100,2,150.22,57.4979919,68.15356197,98.64807923,103,6,1,5,TRUE,FALSE,FALSE,FALSE,FALSE,FALSE
22-05-2023,45528,38.04026748,1.5,100,100,3,141.056,36.82559898,79.42454567,74.8995825,108,0,0,5,TRUE,FALSE,FALSE,FALSE,TRUE,FALSE
23-05-2023,23364,38.00819931,1.300784901,80.1000148,100,0,96.728,21.09128219,86.5727911,68.59002747,96,1,0,5,TRUE,TRUE,FALSE,FALSE,FALSE,FALSE
24-05-2023,11740,67.17897978,1.043709622,30.90142649,53.76890044,0,73.48,66.45845646,94.26174995,78.46186523,220,2,0,5,FALSE,FALSE,FALSE,TRUE,FALSE,FALSE
24-05-2023,27340,25.92739549,1.5,99.69170703,100,1,104.68,31.15669216,78.30618274,64.88311726,106,2,0,5,TRUE,FALSE,FALSE,FALSE,FALSE,FALSE
25-05-2023,13135,45.91260373,1.331192224,42.17113839,69.07316177,0,76.27,42.84411901,69.29113308,56.21991055,221,3,0,5,FALSE,FALSE,FALSE,TRUE,FALSE,FALSE
25-05-2023,25633,41.91960993,1.5,84.05398576,100,3,101.266,72.22425807,82.89013534,92.00912813,107,3,0,5,TRUE,FALSE,FALSE,FALSE,FALSE,FALSE
26-05-2023,12301,36.09285979,1.238686271,47.82095362,61.63861327,0,74.602,13.51978297,60.42018997,96.28891545,183,4,0,5,FALSE,TRUE,FALSE,FALSE,FALSE,FALSE
26-05-2023,23248,41.47098235,1.181982079,80.21143804,100,2,96.496,72.17912099,94.7900867,77.20427963,110,4,0,5,TRUE,FALSE,FALSE,FALSE,FALSE,FALSE
27-05-2023,33157,39.94904482,1.5,100,100,3,116.314,13.41314266,79.0977802,71.87864145,92,5,1,5,FALSE,FALSE,FALSE,FALSE,FALSE,FALSE
27-05-2023,45815,29.88297391,1.5,100,100,4,141.63,28.55514735,82.78674002,85.51404541,105,5,1,5,TRUE,FALSE,FALSE,FALSE,FALSE,FALSE
28-05-2023,33627,29.13958566,1.5,100,100,2,117.254,38.41028645,76.7712697,94.3276964,90,6,1,5,FALSE,FALSE,FALSE,FALSE,FALSE,FALSE
28-05-2023,22379,33.42311786,1.047293275,84.14097176,100,1,94.758,70.61692881,86.94897884,77.66029085,107,6,1,5,TRUE,FALSE,FALSE,FALSE,FALSE,FALSE
29-05-2023,39182,20,1.5,100,100,3,128.364,55.15774285,80.43430704,68.92497646,93,0,0,5,FALSE,FALSE,FALSE,FALSE,FALSE,FALSE
29-05-2023,33821,34.38913902,1.5,100,100,0,117.642,69.90361596,65.58949494,75.31856192,109,0,0,5,TRUE,FALSE,TRUE,FALSE,FALSE,FALSE
30-05-2023,24784,44.68272816,1.380862906,90.65874874,100,3,99.568,62.89119098,64.2811612,82.5221685,105,1,0,5,FALSE,FALSE,TRUE,FALSE,FALSE,FALSE
30-05-2023,37482,52.14832055,1.5,100,100,1,124.964,55.69140926,69.93093299,83.64972239,90,1,0,5,TRUE,TRUE,FALSE,FALSE,FALSE,FALSE
31-05-2023,12584,49.19245151,1.112091512,37.97898537,58.95016234,2,75.168,36.44032224,77.10106566,71.01730696,197,2,0,5,FALSE,FALSE,FALSE,FALSE,FALSE,FALSE
31-05-2023,33200,20,1.5,100,100,2,116.4,16.19809425,90.3677563,68.78177575,113,2,0,5,TRUE,FALSE,FALSE,FALSE,FALSE,FALSE
01-06-2023,48988,28.34809619,1.5,100,100,4,147.976,40.42640249,82.50651894,67.88506515,105,3,0,6,FALSE,FALSE,FALSE,TRUE,FALSE,FALSE
01-06-2023,21517,62.39298487,1.127518151,71.86550326,100,4,93.034,67.3943998,93.67906847,73.20877685,100,3,0,6,TRUE,FALSE,FALSE,FALSE,FALSE,FALSE
02-06-2023,48959,38.69933073,1.5,100,100,3,147.918,57.89653274,99.78923814,66.50145621,110,4,0,6,FALSE,FALSE,FALSE,FALSE,FALSE,FALSE
02-06-2023,35669,30.70242073,1.5,100,100,3,121.338,20.77808395,74.21877852,74.48687403,106,4,0,6,TRUE,FALSE,FALSE,FALSE,FALSE,FALSE
03-06-2023,50330,32.55659237,1.5,100,100,2,150.66,44.73467183,95.8728318,68.25879995,107,5,1,6,FALSE,FALSE,FALSE,FALSE,FALSE,FALSE
03-06-2023,39048,42.26362141,1.5,100,100,0,128.096,21.41002346,92.45770588,71.77930218,90,5,1,6,TRUE,TRUE,FALSE,FALSE,FALSE,FALSE
04-06-2023,59306,51.77772684,1.5,100,100,2,168.612,23.81905021,60.4963271,50.98421106,98,6,1,6,FALSE,FALSE,FALSE,FALSE,FALSE,FALSE
05-06-2023,19479,20,1.022448793,71.87774336,100,2,88.958,25.50041038,60.03369494,67.71509301,88,0,0,6,FALSE,FALSE,FALSE,FALSE,FALSE,FALSE
05-06-2023,47933,39.78579525,1.5,100,100,2,145.866,45.52907308,70.16452815,68.07931051,108,0,0,6,TRUE,FALSE,FALSE,FALSE,FALSE,TRUE
06-06-2023,24294,57.01181983,1.140247602,85.26464433,100,1,98.588,50.7781502,87.12875921,55.82371895,103,1,0,6,FALSE,FALSE,FALSE,FALSE,FALSE,FALSE
06-06-2023,23303,47.65728712,1.303131605,69.65484034,100,1,96.606,62.66408185,98.13644812,68.67006471,115,1,0,6,TRUE,TRUE,FALSE,FALSE,FALSE,FALSE
07-06-2023,36597,25.02815488,1.5,100,100,4,123.194,59.86402478,69.87787491,92.35242437,98,2,0,6,FALSE,FALSE,FALSE,FALSE,FALSE,FALSE
07-06-2023,50560,46.1437809,1.5,100,100,2,151.12,22.2859804,79.5278362,89.17040476,106,2,0,6,TRUE,FALSE,FALSE,FALSE,FALSE,FALSE
08-06-2023,36000,42.17075024,1.5,100,100,0,122,66.88963195,88.49776743,56.7049003,107,3,0,6,TRUE,FALSE,TRUE,FALSE,FALSE,FALSE
09-06-2023,24063,43.47974147,1.392312482,78.61774586,100,0,98.126,45.89487603,99.70818423,99.18876766,85,4,0,6,FALSE,FALSE,FALSE,FALSE,FALSE,FALSE
09-06-2023,11531,44.98920284,1.250434095,39.60326251,56.4489316,0,73.062,79.30664853,66.70610481,86.55189764,206,4,0,6,TRUE,FALSE,FALSE,FALSE,FALSE,FALSE
10-06-2023,13380,33.24944759,1.36951841,52.19073106,68.78526624,1,76.76,27.15733057,64.96849482,59.08160711,167,5,1,6,FALSE,FALSE,FALSE,FALSE,FALSE,FALSE
10-06-2023,22729,37.86589241,1.167646634,79.88939703,100,2,95.458,13.33629416,96.2731008,89.37658092,106,5,1,6,TRUE,FALSE,TRUE,FALSE,FALSE,FALSE
11-06-2023,32926,46.40800209,1.5,100,100,2,115.852,43.49994128,95.66610128,97.96457625,97,6,1,6,TRUE,FALSE,FALSE,TRUE,FALSE,FALSE
12-06-2023,35363,29.49678262,1.5,100,100,2,120.726,56.20069745,95.15855013,77.5699504,97,0,0,6,FALSE,FALSE,FALSE,FALSE,FALSE,FALSE
12-06-2023,34643,40.42312999,1.5,100,100,2,119.286,63.12570165,70.98137047,66.48593263,101,0,0,6,TRUE,FALSE,FALSE,FALSE,FALSE,FALSE
13-06-2023,33601,38.44614597,1.5,100,100,2,117.202,56.75142389,65.26804946,98.23972984,92,1,0,6,FALSE,FALSE,TRUE,FALSE,FALSE,FALSE
13-06-2023,45627,39.52973954,1.5,100,100,3,141.254,10.92647751,98.11110545,56.41842962,94,1,0,6,TRUE,FALSE,FALSE,FALSE,FALSE,FALSE
14-06-2023,13192,54.15768445,1.31304678,47.2485301,62.18621834,0,76.384,59.99831267,91.92930502,51.63205396,183,2,0,6,FALSE,FALSE,FALSE,FALSE,TRUE,FALSE
14-06-2023,24455,59.83390085,1.023118074,77.68505246,100,2,98.91,78.92500886,90.28809991,62.00628929,92,2,0,6,TRUE,FALSE,FALSE,FALSE,FALSE,FALSE
15-06-2023,20682,42.22309546,1.10960515,66.76319802,98.8854502,3,91.364,66.91178418,98.96550739,64.17919557,96,3,0,6,FALSE,FALSE,FALSE,TRUE,FALSE,FALSE
15-06-2023,21811,47.63875635,1.015829949,67.58604807,100,0,93.622,64.4606147,81.72846066,83.44765315,89,3,0,6,TRUE,FALSE,FALSE,FALSE,FALSE,FALSE
16-06-2023,22779,35.48154704,1.00090187,79.12809214,100,3,95.558,36.50912207,80.63199029,77.26765347,93,4,0,6,TRUE,FALSE,FALSE,FALSE,FALSE,FALSE
17-06-2023,38900,31.84821858,1.5,100,100,3,127.8,53.66401216,66.05249862,65.65520301,108,5,1,6,FALSE,FALSE,TRUE,FALSE,FALSE,FALSE
17-06-2023,21964,59.45042738,1.094900778,77.09066155,100,4,93.928,55.11871497,88.33458203,50.84842366,105,5,1,6,TRUE,FALSE,FALSE,FALSE,TRUE,FALSE
18-06-2023,22672,27.84238222,1.268929779,84.90272405,100,0,95.344,31.40137471,61.9630881,53.08341582,87,6,1,6,FALSE,FALSE,FALSE,FALSE,FALSE,FALSE
18-06-2023,39987,22.58592379,1.5,100,100,3,129.974,47.71692467,89.67997836,94.4185783,88,6,1,6,TRUE,FALSE,FALSE,FALSE,FALSE,FALSE
19-06-2023,24668,42.23984086,1.114482297,76.85375664,100,4,99.336,51.17183475,86.29586389,66.3039032,88,0,0,6,FALSE,TRUE,FALSE,FALSE,FALSE,TRUE
19-06-2023,37049,32.23273884,1.5,100,100,1,124.098,48.92661559,91.69731725,64.55291527,92,0,0,6,TRUE,FALSE,FALSE,FALSE,FALSE,FALSE
20-06-2023,24864,47.8934526,1.214725007,73.74853072,100,3,99.728,73.54019212,72.28006804,72.3029208,81,1,0,6,FALSE,FALSE,FALSE,FALSE,FALSE,FALSE
20-06-2023,47880,39.71031608,1.5,100,100,2,145.76,49.56184427,76.7619111,88.04296537,94,1,0,6,TRUE,FALSE,TRUE,FALSE,FALSE,FALSE
21-06-2023,42649,20,1.5,100,100,6,135.298,62.67224124,83.99772821,50.10068189,102,2,0,6,FALSE,FALSE,FALSE,FALSE,FALSE,FALSE
21-06-2023,53855,34.19437578,1.5,100,100,0,157.71,70.18512023,67.38532972,93.43566156,103,2,0,6,TRUE,FALSE,FALSE,FALSE,FALSE,FALSE
22-06-2023,23752,36.73566119,1.040365799,86.59544332,100,3,97.504,21.25439684,78.52253104,99.93538617,106,3,0,6,FALSE,TRUE,FALSE,FALSE,FALSE,FALSE
22-06-2023,34829,27.99593024,1.5,100,100,1,119.658,29.27204233,80.29030886,58.36820403,108,3,0,6,TRUE,FALSE,FALSE,FALSE,FALSE,FALSE
23-06-2023,47359,56.8784783,1.5,100,100,2,144.718,77.18985106,64.82703555,96.45139651,99,4,0,6,FALSE,FALSE,FALSE,FALSE,FALSE,FALSE
23-06-2023,12968,49.59696892,1.009912003,43.07737875,60.17731363,1,75.936,14.09673228,94.307916,72.22538533,178,4,0,6,TRUE,TRUE,FALSE,FALSE,FALSE,FALSE
24-06-2023,57360,31.18336554,1.5,100,100,1,164.72,64.58972631,80.55098135,55.85344665,99,5,1,6,TRUE,FALSE,FALSE,FALSE,FALSE,FALSE
25-06-2023,39230,40.86777783,1.5,100,100,3,128.46,50.09519969,65.03869389,50.65815189,103,6,1,6,FALSE,FALSE,TRUE,FALSE,FALSE,FALSE
25-06-2023,36952,39.33915197,1.5,100,100,0,123.904,20.26109909,97.86610854,50.48771066,90,6,1,6,TRUE,FALSE,FALSE,TRUE,FALSE,FALSE
26-06-2023,49697,56.57491146,1.5,100,100,3,149.394,49.05864771,91.10117828,51.34122886,93,0,0,6,FALSE,TRUE,FALSE,FALSE,FALSE,FALSE
26-06-2023,55005,37.9836207,1.5,100,100,3,160.01,63.18723185,94.98856162,52.71859856,95,0,0,6,TRUE,FALSE,FALSE,TRUE,FALSE,FALSE
27-06-2023,44934,31.17528757,1.5,100,100,1,139.868,25.78569887,77.22586819,88.28018326,106,1,0,6,FALSE,TRUE,FALSE,FALSE,FALSE,FALSE
27-06-2023,12359,59.15393107,1.187551443,34.11106002,59.13563222,1,74.718,46.91428906,68.3051876,74.46359125,189,1,0,6,TRUE,FALSE,TRUE,FALSE,FALSE,TRUE
28-06-2023,44878,46.27936933,1.5,100,100,0,139.756,72.3114123,62.9813324,70.73260293,108,2,0,6,FALSE,FALSE,FALSE,FALSE,FALSE,FALSE
28-06-2023,24452,45.36253079,1.077556416,72.84564718,100,1,98.904,50.00329096,77.50369013,91.84431754,98,2,0,6,TRUE,TRUE,FALSE,FALSE,FALSE,FALSE
29-06-2023,20405,20,1.220566301,61.61534637,100,0,90.81,31.0803721,85.24755925,87.48781002,107,3,0,6,FALSE,TRUE,FALSE,FALSE,FALSE,FALSE
29-06-2023,53275,23.96506125,1.5,100,100,3,156.55,45.79293496,78.29608877,58.38895564,92,3,0,6,TRUE,TRUE,FALSE,FALSE,FALSE,FALSE
30-06-2023,32935,31.21175066,1.5,100,100,2,115.87,61.22492493,85.52132672,59.78866193,103,4,0,6,FALSE,FALSE,FALSE,FALSE,FALSE,FALSE
01-07-2023,20626,43.66372362,1.122251371,71.0163301,100,1,91.252,61.58982416,97.45462756,79.03668372,103,5,1,7,FALSE,FALSE,TRUE,FALSE,FALSE,FALSE
01-07-2023,27248,28.44918057,1.5,86.59832067,100,3,104.496,23.44035517,87.16844971,60.67674782,85,5,1,7,TRUE,FALSE,FALSE,FALSE,FALSE,FALSE
02-07-2023,22143,54.01676841,1.082905046,72.65406368,100,1,94.286,46.31719261,66.88899686,73.83939994,113,6,1,7,FALSE,FALSE,FALSE,FALSE,FALSE,FALSE
02-07-2023,12836,55.23647213,1.298425631,38.93087996,60.07925697,2,75.672,63.50201585,89.1229349,92.68457651,218,6,1,7,TRUE,FALSE,FALSE,FALSE,TRUE,FALSE
03-07-2023,39753,39.27642727,1.5,100,100,0,129.506,63.15466351,96.04976204,66.01342532,97,0,0,7,FALSE,FALSE,FALSE,FALSE,FALSE,FALSE
03-07-2023,36349,34.39944931,1.5,100,100,2,122.698,33.02431157,63.0990014,97.64562964,96,0,0,7,TRUE,FALSE,TRUE,FALSE,FALSE,FALSE
04-07-2023,53266,20,1.5,100,100,4,156.532,14.51717456,97.96030751,62.66522941,116,1,0,7,FALSE,FALSE,FALSE,TRUE,FALSE,FALSE
05-07-2023,27199,32.72321645,1.5,84.02772948,100,2,104.398,18.69366788,77.27890674,99.06492223,92,2,0,7,FALSE,FALSE,FALSE,FALSE,FALSE,TRUE
05-07-2023,20107,45.88380516,1.286989895,71.75259032,99.32688325,2,90.214,11.43310342,81.58786041,83.21961155,102,2,0,7,TRUE,FALSE,FALSE,FALSE,FALSE,FALSE
06-07-2023,25701,34.64752872,1.5,85.68429167,100,3,101.402,32.56052714,80.66300645,55.91407005,91,3,0,7,FALSE,FALSE,TRUE,FALSE,FALSE,FALSE
07-07-2023,54102,29.34130888,1.5,100,100,1,158.204,37.28297168,90.07864232,82.7356428,96,4,0,7,FALSE,FALSE,FALSE,FALSE,FALSE,FALSE
07-07-2023,24338,37.90833978,1.248760137,79.7436478,100,4,98.676,55.83070689,83.00960626,92.07839297,100,4,0,7,TRUE,FALSE,FALSE,FALSE,FALSE,FALSE
08-07-2023,22426,53.89674601,1.332844784,69.03972794,100,2,94.852,54.49270889,66.13429047,90.98200567,121,5,1,7,FALSE,FALSE,FALSE,TRUE,FALSE,FALSE
08-07-2023,32759,36.61588377,1.5,100,100,2,115.518,65.648794,93.32119862,75.78769977,115,5,1,7,TRUE,FALSE,FALSE,FALSE,FALSE,TRUE
09-07-2023,24316,32.58943835,1.162731091,80.31737435,100,3,98.632,54.89530452,94.55741207,99.55947045,99,6,1,7,FALSE,FALSE,TRUE,FALSE,FALSE,FALSE
09-07-2023,32003,23.70249909,1.5,100,100,1,114.006,64.51237701,84.97947381,68.98819271,88,6,1,7,TRUE,FALSE,FALSE,FALSE,FALSE,FALSE
10-07-2023,45777,50.7253476,1.5,100,100,1,141.554,33.77257845,94.38219691,79.34726087,91,0,0,7,FALSE,FALSE,FALSE,FALSE,FALSE,FALSE
10-07-2023,23118,28.80166382,1.017168368,82.42802957,100,2,96.236,38.72769175,70.1304604,62.7856396,122,0,0,7,TRUE,FALSE,FALSE,FALSE,FALSE,FALSE
11-07-2023,34425,27.66041846,1.5,100,100,2,118.85,17.60555894,87.39339494,66.34605386,82,1,0,7,FALSE,FALSE,FALSE,FALSE,TRUE,FALSE
11-07-2023,9790,34.04869721,1.117768602,26.59170626,49.44108846,2,69.58,59.22629057,91.5276127,73.89798217,224,1,0,7,TRUE,FALSE,TRUE,FALSE,FALSE,FALSE
12-07-2023,38257,20,1.5,100,100,1,126.514,38.18364097,65.80291715,97.44022939,111,2,0,7,FALSE,FALSE,FALSE,FALSE,TRUE,FALSE
12-07-2023,13137,33.28537059,1.394506295,33.95990661,66.15285673,1,76.274,17.69811224,84.84480791,52.35005832,225,2,0,7,TRUE,FALSE,TRUE,FALSE,FALSE,FALSE
13-07-2023,22458,35.00730855,1.31023525,75.83056679,100,3,94.916,26.87032326,71.43457341,68.14666039,99,3,0,7,FALSE,FALSE,FALSE,FALSE,FALSE,FALSE
13-07-2023,47890,39.6020612,1.5,100,100,1,145.78,58.78901871,97.42942352,89.05835377,109,3,0,7,TRUE,TRUE,FALSE,FALSE,FALSE,TRUE
14-07-2023,35825,35.32746588,1.5,100,100,3,121.65,77.80914676,70.68954208,86.36073793,101,4,0,7,TRUE,FALSE,TRUE,FALSE,FALSE,FALSE
15-07-2023,11417,38.85666614,1.035954874,38.60112632,61.83511516,1,72.834,64.80983625,99.28978197,91.76155508,199,5,1,7,FALSE,TRUE,FALSE,FALSE,FALSE,FALSE
15-07-2023,25475,38.2697152,1.5,75.33091521,100,1,100.95,13.70504736,62.22158773,63.6376067,102,5,1,7,TRUE,FALSE,FALSE,FALSE,FALSE,FALSE
16-07-2023,11991,41.57630474,1.125624737,40.74746438,58.33852601,1,73.982,14.00943938,73.71672779,56.95701442,204,6,1,7,FALSE,TRUE,FALSE,FALSE,FALSE,TRUE
16-07-2023,21574,54.94737076,1.333516332,78.59512243,100,3,93.148,30.15405889,95.36752314,54.04113803,106,6,1,7,TRUE,FALSE,FALSE,FALSE,TRUE,FALSE
17-07-2023,25332,21.14984675,1.5,78.45737291,100,3,100.664,36.81977601,82.16199469,93.57039325,101,0,0,7,FALSE,FALSE,FALSE,FALSE,FALSE,FALSE
17-07-2023,37398,39.39464507,1.5,100,100,1,124.796,71.91801617,62.09164696,55.77633593,80,0,0,7,TRUE,FALSE,TRUE,FALSE,FALSE,FALSE
18-07-2023,24247,40.3324646,1.004974653,76.03802982,100,3,98.494,48.33394445,65.96812416,99.61811118,100,1,0,7,FALSE,FALSE,FALSE,FALSE,FALSE,FALSE
18-07-2023,34363,34.83443369,1.5,100,100,1,118.726,10.04437292,80.78756086,86.83911791,91,1,0,7,TRUE,TRUE,FALSE,FALSE,FALSE,FALSE
19-07-2023,25170,48.3138603,1.5,76.92427116,100,4,100.34,60.374246,85.7745372,51.66949224,109,2,0,7,FALSE,FALSE,TRUE,FALSE,FALSE,FALSE
19-07-2023,40275,33.56825764,1.5,100,100,1,130.55,18.72315155,99.03161825,79.17972294,103,2,0,7,TRUE,TRUE,FALSE,FALSE,FALSE,FALSE
20-07-2023,22244,27.03612435,1.307994959,67.87143267,100,0,94.488,26.16548639,96.95145955,58.01811216,97,3,0,7,FALSE,FALSE,FALSE,FALSE,FALSE,FALSE
21-07-2023,37246,48.70997986,1.5,100,100,4,124.492,40.56107092,86.95513996,94.92019514,91,4,0,7,FALSE,FALSE,FALSE,FALSE,FALSE,FALSE
21-07-2023,24043,33.21348473,1.015067304,77.03246906,100,3,98.086,31.07313803,99.26658815,69.57427639,88,4,0,7,TRUE,FALSE,FALSE,FALSE,FALSE,FALSE
22-07-2023,37557,29.23180683,1.5,100,100,1,125.114,53.4304329,96.62524866,57.053371,87,5,1,7,FALSE,FALSE,FALSE,FALSE,FALSE,FALSE
22-07-2023,34576,38.24031821,1.5,100,100,2,119.152,13.66885396,75.84791019,77.76271952,96,5,1,7,TRUE,FALSE,FALSE,TRUE,FALSE,FALSE
23-07-2023,23585,43.3184497,1.108880202,83.69214881,100,1,97.17,37.09637665,80.85340983,87.89097593,93,6,1,7,FALSE,FALSE,FALSE,TRUE,FALSE,FALSE
23-07-2023,31691,53.48002009,1.5,100,100,0,113.382,64.68319851,86.32078062,63.45214326,113,6,1,7,TRUE,FALSE,TRUE,FALSE,FALSE,FALSE
24-07-2023,36023,27.08068004,1.5,100,100,0,122.046,19.37207299,83.51998614,57.20222062,94,0,0,7,FALSE,FALSE,FALSE,FALSE,FALSE,FALSE
24-07-2023,25643,42.01135762,1.5,78.42316062,100,1,101.286,14.60639074,97.83349926,96.98497049,97,0,0,7,TRUE,FALSE,FALSE,FALSE,FALSE,FALSE
25-07-2023,38710,40.65486905,1.5,100,100,4,127.42,75.92007457,67.27125933,60.21704778,86,1,0,7,FALSE,FALSE,TRUE,FALSE,FALSE,FALSE
26-07-2023,23895,47.89248977,1.07055515,84.43426658,100,1,97.79,34.31202569,72.58119575,96.1918904,95,2,0,7,FALSE,FALSE,FALSE,FALSE,FALSE,FALSE
26-07-2023,49590,51.57790384,1.5,100,100,4,149.18,77.85661504,74.88986663,87.54584934,97,2,0,7,TRUE,FALSE,FALSE,FALSE,FALSE,FALSE
27-07-2023,35199,25.62403476,1.5,100,100,1,120.398,21.86957132,89.71094447,71.91977324,122,3,0,7,FALSE,FALSE,FALSE,FALSE,FALSE,FALSE
27-07-2023,33349,46.15223854,1.5,100,100,3,116.698,24.78793304,76.39136436,50.37346159,100,3,0,7,TRUE,FALSE,FALSE,FALSE,FALSE,FALSE
28-07-2023,25369,45.3579959,1.5,87.5554741,100,2,100.738,61.42917207,67.61703105,79.52290774,96,4,0,7,FALSE,FALSE,FALSE,FALSE,FALSE,FALSE
28-07-2023,37427,38.71012994,1.5,100,100,1,124.854,49.31194676,60.23202488,95.60037194,95,4,0,7,TRUE,FALSE,FALSE,FALSE,FALSE,FALSE
29-07-2023,40005,29.51528212,1.5,100,100,1,130.01,21.98169851,76.01978296,54.94097587,87,5,1,7,FALSE,FALSE,FALSE,TRUE,FALSE,FALSE
29-07-2023,47838,20,1.5,100,100,1,145.676,56.50395632,74.54078901,84.47254737,87,5,1,7,TRUE,TRUE,FALSE,FALSE,FALSE,FALSE
30-07-2023,52222,21.9721787,1.5,100,100,1,154.444,10.69825559,90.91394692,97.31919112,91,6,1,7,FALSE,FALSE,FALSE,FALSE,FALSE,FALSE
30-07-2023,30150,36.65673454,1.5,100,100,3,110.3,74.67854941,65.0533272,60.31855055,96,6,1,7,TRUE,FALSE,FALSE,FALSE,FALSE,FALSE
31-07-2023,24062,40.47524938,1.3079589,74.62546752,100,5,98.124,17.68470512,92.35689771,82.97992292,110,0,0,7,FALSE,FALSE,FALSE,FALSE,FALSE,FALSE
31-07-2023,12394,63.25892142,1.055319586,40.0158723,62.21168533,0,74.788,40.40647829,85.24733442,82.92997301,208,0,0,7,TRUE,FALSE,TRUE,FALSE,FALSE,FALSE
01-08-2023,22729,45.09265952,1.091259474,72.92995466,100,1,95.458,64.78846915,97.72636413,88.73920043,87,1,0,8,FALSE,FALSE,FALSE,TRUE,FALSE,FALSE
01-08-2023,27637,38.75681081,1.5,97.85958698,100,1,105.274,79.25263004,90.88610994,55.20664847,106,1,0,8,TRUE,FALSE,FALSE,FALSE,FALSE,FALSE
02-08-2023,39967,34.57194387,1.5,100,100,1,129.934,45.09121921,79.61997476,77.31032199,66,2,0,8,FALSE,FALSE,FALSE,FALSE,FALSE,FALSE
02-08-2023,25464,20,1.5,86.71217928,100,2,100.928,26.502192,95.61736692,82.37250048,94,2,0,8,TRUE,TRUE,FALSE,FALSE,FALSE,TRUE
03-08-2023,31832,28.8414633,1.5,100,100,2,113.664,25.52526842,80.01751729,75.36750474,100,3,0,8,FALSE,FALSE,FALSE,FALSE,FALSE,FALSE
03-08-2023,24246,30.97718225,1.209557457,80.9508828,100,3,98.492,14.79284526,99.48403835,88.06932578,103,3,0,8,TRUE,FALSE,FALSE,TRUE,FALSE,FALSE
04-08-2023,49518,29.58780019,1.5,100,100,1,149.036,71.56222402,60.4849425,61.14176463,104,4,0,8,FALSE,FALSE,FALSE,FALSE,FALSE,FALSE
04-08-2023,50387,32.05109636,1.5,100,100,4,150.774,45.27755331,93.31707716,76.71703431,95,4,0,8,TRUE,FALSE,FALSE,FALSE,FALSE,FALSE
05-08-2023,25698,38.59797186,1.5,77.28488583,100,1,101.396,26.62895287,80.82004257,93.02460487,105,5,1,8,FALSE,FALSE,FALSE,FALSE,FALSE,FALSE
05-08-2023,10830,48.39318231,1.367970798,28.54839331,49.91974872,1,71.66,29.16676167,72.05364051,67.83948183,212,5,1,8,TRUE,FALSE,FALSE,FALSE,FALSE,FALSE
06-08-2023,55034,35.8987808,1.5,100,100,3,160.068,10.69834401,98.24061698,95.88223528,86,6,1,8,TRUE,FALSE,FALSE,FALSE,TRUE,FALSE
07-08-2023,27828,51.65037717,1.5,98.60811913,100,3,105.656,42.74764055,69.10611878,64.78660698,102,0,0,8,FALSE,FALSE,FALSE,FALSE,FALSE,FALSE
07-08-2023,44144,29.19183028,1.5,100,100,0,138.288,24.53554372,92.50271772,63.35984873,105,0,0,8,TRUE,FALSE,TRUE,FALSE,FALSE,FALSE
08-08-2023,29901,36.66906509,1.5,100,100,0,109.802,74.81001636,72.75985058,79.44442109,104,1,0,8,FALSE,FALSE,FALSE,FALSE,FALSE,FALSE
08-08-2023,35080,39.92398432,1.5,100,100,1,120.16,48.45975001,82.23109415,60.01648494,101,1,0,8,TRUE,FALSE,FALSE,FALSE,FALSE,FALSE
09-08-2023,25543,42.81320926,1.5,77.58502804,100,3,101.086,32.71765139,86.14662127,89.07046936,103,2,0,8,FALSE,FALSE,FALSE,FALSE,FALSE,TRUE
09-08-2023,47533,29.73307492,1.5,100,100,1,145.066,61.60419252,87.57079844,79.48694626,80,2,0,8,TRUE,FALSE,FALSE,FALSE,FALSE,FALSE
10-08-2023,26750,22.62330605,1.5,96.45063507,100,2,103.5,67.98659881,97.75196458,70.85670127,103,3,0,8,FALSE,FALSE,FALSE,FALSE,FALSE,TRUE
10-08-2023,25022,55.92040387,1.5,85.21723518,100,1,100.044,66.39637467,98.18898238,86.06570935,87,3,0,8,TRUE,TRUE,FALSE,FALSE,FALSE,FALSE
11-08-2023,23952,30.74851549,1.109045344,82.69248761,100,0,97.904,10.22321876,99.74922087,72.52182097,81,4,0,8,FALSE,TRUE,FALSE,FALSE,FALSE,FALSE
11-08-2023,42988,30.38224498,1.5,100,100,2,135.976,32.69694919,96.97978711,83.2575411,99,4,0,8,TRUE,FALSE,FALSE,FALSE,FALSE,FALSE
12-08-2023,37319,26.1786572,1.5,100,100,1,124.638,66.76576619,81.88239924,76.8231816,102,5,1,8,FALSE,FALSE,TRUE,FALSE,FALSE,FALSE
12-08-2023,42635,33.08487255,1.5,100,100,0,135.27,21.33869595,60.97474338,87.21898196,100,5,1,8,TRUE,FALSE,FALSE,FALSE,FALSE,FALSE
13-08-2023,23928,59.57841187,1.277748594,82.57038013,100,3,97.856,29.52639745,84.84326851,63.02689688,88,6,1,8,FALSE,FALSE,FALSE,FALSE,FALSE,FALSE
13-08-2023,35384,45.41016396,1.5,100,100,0,120.768,66.97033719,98.99073781,67.03119236,105,6,1,8,TRUE,FALSE,FALSE,TRUE,FALSE,FALSE
14-08-2023,23687,43.8988933,1.213317957,83.49196217,100,1,97.374,51.05887513,63.73286595,98.3339667,85,0,0,8,FALSE,FALSE,FALSE,FALSE,FALSE,FALSE
14-08-2023,32747,34.82013799,1.5,100,100,1,115.494,25.40784316,98.8004852,98.25293572,120,0,0,8,TRUE,FALSE,FALSE,FALSE,TRUE,FALSE
15-08-2023,34375,42.45573413,1.5,100,100,0,118.75,73.74433773,87.26537031,92.05038939,105,1,0,8,FALSE,FALSE,FALSE,FALSE,FALSE,FALSE
15-08-2023,34896,35.51350025,1.5,100,100,1,119.792,66.27899174,81.25889608,54.42703227,106,1,0,8,TRUE,FALSE,FALSE,FALSE,FALSE,FALSE
16-08-2023,22320,41.32628311,1.136475753,82.65399594,100,0,94.64,63.4905046,90.70641955,87.97461885,103,2,0,8,FALSE,FALSE,FALSE,FALSE,FALSE,FALSE
16-08-2023,12980,42.94999819,1.384696369,48.13518003,62.15629639,2,75.96,46.5328041,73.84014652,92.60236112,191,2,0,8,TRUE,FALSE,FALSE,FALSE,FALSE,FALSE
17-08-2023,38297,26.4557943,1.5,100,100,3,126.594,25.03770855,83.37011104,51.85888635,91,3,0,8,FALSE,FALSE,FALSE,FALSE,FALSE,FALSE
17-08-2023,10852,43.69821283,1.343253206,34.44381777,51.58008882,0,71.704,35.60025588,78.40177522,86.28755006,200,3,0,8,TRUE,FALSE,FALSE,FALSE,FALSE,FALSE
18-08-2023,25251,32.08797323,1.5,93.0473174,100,0,100.502,40.97999176,97.31018691,94.48499273,115,4,0,8,TRUE,FALSE,TRUE,FALSE,FALSE,FALSE
19-08-2023,31910,50.74927742,1.5,100,100,2,113.82,30.125644,68.78993311,96.96821555,103,5,1,8,FALSE,FALSE,FALSE,FALSE,FALSE,FALSE
19-08-2023,26844,35.09586918,1.5,92.67971239,100,2,103.688,58.46639114,78.45062142,79.3997409,99,5,1,8,TRUE,FALSE,FALSE,FALSE,FALSE,FALSE
20-08-2023,37851,26.0709043,1.5,100,100,3,125.702,52.74453768,69.55933701,77.25247473,105,6,1,8,FALSE,FALSE,FALSE,FALSE,FALSE,FALSE
20-08-2023,15011,34.80210813,1.135347268,45.55383777,77.45761738,0,80.022,18.66092692,78.52732552,86.31861368,94,6,1,8,TRUE,FALSE,FALSE,FALSE,FALSE,FALSE
21-08-2023,11500,52.52618983,1.253183868,43.84223631,61.47644273,2,73,53.69250196,60.59032229,54.22742636,196,0,0,8,FALSE,FALSE,FALSE,FALSE,FALSE,FALSE
21-08-2023,33911,34.41016147,1.5,100,100,0,117.822,13.55911749,63.48670826,84.58431825,123,0,0,8,TRUE,FALSE,TRUE,FALSE,FALSE,FALSE
22-08-2023,22030,56.16275351,1.323300708,65.93234284,100,0,94.06,71.54460876,71.36382013,92.1893901,85,1,0,8,FALSE,FALSE,FALSE,FALSE,FALSE,FALSE
22-08-2023,52996,34.47669394,1.5,100,100,4,155.992,27.20805645,69.81683487,98.63647851,95,1,0,8,TRUE,FALSE,FALSE,FALSE,FALSE,FALSE
23-08-2023,47373,24.2659718,1.5,100,100,1,144.746,20.92433602,89.82904579,69.06787349,86,2,0,8,FALSE,FALSE,FALSE,FALSE,TRUE,FALSE
23-08-2023,56361,52.94629158,1.5,100,100,3,162.722,18.45499261,88.68795271,95.28135326,104,2,0,8,TRUE,FALSE,FALSE,FALSE,FALSE,FALSE
24-08-2023,37184,45.59531199,1.5,100,100,2,124.368,67.50286682,81.1907153,66.31198258,89,3,0,8,FALSE,FALSE,FALSE,FALSE,FALSE,FALSE
24-08-2023,38235,30.09225594,1.5,100,100,2,126.47,15.47938681,82.75004483,90.81480644,104,3,0,8,TRUE,FALSE,TRUE,FALSE,FALSE,FALSE
25-08-2023,43778,47.83549479,1.5,100,100,1,137.556,17.72234746,83.72175629,53.60479676,105,4,0,8,FALSE,FALSE,FALSE,FALSE,FALSE,FALSE
25-08-2023,26084,72.89974543,1.5,84.139038,100,1,102.168,48.75651352,69.81076968,57.51139899,74,4,0,8,TRUE,FALSE,FALSE,FALSE,FALSE,TRUE
26-08-2023,34852,27.37150847,1.5,100,100,3,119.704,78.13237078,80.50412872,97.35798304,108,5,1,8,FALSE,FALSE,FALSE,FALSE,FALSE,FALSE
26-08-2023,37418,54.10995616,1.5,100,100,0,124.836,18.67005596,83.94956604,87.79112795,125,5,1,8,TRUE,FALSE,FALSE,FALSE,FALSE,FALSE
27-08-2023,41526,37.4981977,1.5,100,100,1,133.052,73.87724353,79.90509474,72.84943871,101,6,1,8,FALSE,FALSE,FALSE,FALSE,FALSE,FALSE
27-08-2023,33281,48.29086832,1.5,100,100,1,116.562,58.8775382,77.80668352,57.99189323,100,6,1,8,TRUE,FALSE,FALSE,FALSE,FALSE,FALSE
28-08-2023,22337,38.22877952,1.02661177,79.59834806,100,1,94.674,75.4049825,87.5394972,59.58990715,97,0,0,8,FALSE,FALSE,FALSE,FALSE,FALSE,FALSE
28-08-2023,35060,64.07088145,1.5,100,100,5,120.12,43.18405921,91.11931941,79.5720347,90,0,0,8,TRUE,TRUE,FALSE,FALSE,FALSE,FALSE
29-08-2023,21274,20,1.339021889,68.16286371,100,0,92.548,56.3368422,83.29602395,74.49364046,91,1,0,8,FALSE,FALSE,FALSE,FALSE,FALSE,FALSE
29-08-2023,45405,40.07587153,1.5,100,100,3,140.81,14.27727194,83.87609879,93.22594807,101,1,0,8,TRUE,FALSE,FALSE,FALSE,FALSE,FALSE
30-08-2023,10587,50.16760282,1.217507631,31.64850712,54.15889591,0,71.174,20.3901059,90.09648388,76.94192388,192,2,0,8,FALSE,FALSE,FALSE,FALSE,FALSE,FALSE
30-08-2023,26619,32.54333092,1.5,98.14934036,100,2,103.238,17.04526722,84.32180292,75.54217173,105,2,0,8,TRUE,FALSE,FALSE,FALSE,TRUE,FALSE
31-08-2023,34362,32.880436,1.5,100,100,1,118.724,27.22860191,76.13777015,89.87025748,109,3,0,8,FALSE,FALSE,FALSE,FALSE,FALSE,TRUE
31-08-2023,23930,32.35095813,1.38332988,77.97878333,100,2,97.86,16.29658044,63.7012453,88.45102249,112,3,0,8,TRUE,FALSE,FALSE,FALSE,FALSE,FALSE
01-09-2023,47965,31.63875314,1.5,100,100,0,145.93,16.0929621,80.31376149,67.42055987,107,4,0,9,FALSE,FALSE,FALSE,FALSE,FALSE,FALSE
02-09-2023,26601,20,1.5,94.10122776,100,0,103.202,71.37783403,93.98713599,54.3795077,112,5,1,9,TRUE,FALSE,TRUE,FALSE,FALSE,FALSE
03-09-2023,33219,35.14013145,1.5,100,100,0,116.438,55.29707852,61.93671124,72.0940979,100,6,1,9,FALSE,FALSE,FALSE,FALSE,FALSE,FALSE
03-09-2023,48370,23.82449917,1.5,100,100,4,146.74,52.02870344,82.751759,81.07133557,105,6,1,9,TRUE,FALSE,TRUE,FALSE,FALSE,FALSE
04-09-2023,50769,26.2590585,1.5,100,100,1,151.538,50.99257217,70.0710035,83.08196281,97,0,0,9,FALSE,FALSE,FALSE,TRUE,FALSE,TRUE
04-09-2023,44067,47.08908459,1.5,100,100,2,138.134,28.89692093,92.73211491,62.9870446,97,0,0,9,TRUE,FALSE,FALSE,FALSE,FALSE,FALSE
05-09-2023,36054,26.90699081,1.5,100,100,2,122.108,78.41812089,75.32750078,89.15747313,92,1,0,9,FALSE,TRUE,FALSE,FALSE,FALSE,TRUE
05-09-2023,22544,60.14187141,1.396383909,67.95393679,100,0,95.088,60.21196177,79.84029061,87.51567821,111,1,0,9,TRUE,FALSE,TRUE,FALSE,FALSE,FALSE
06-09-2023,24538,41.00372262,1.224646517,88.35369445,100,4,99.076,35.40055309,86.59938913,57.05531091,110,2,0,9,FALSE,TRUE,FALSE,FALSE,FALSE,FALSE
07-09-2023,35248,32.32446121,1.5,100,100,1,120.496,58.72485911,74.37681603,93.29277487,89,3,0,9,FALSE,FALSE,FALSE,FALSE,FALSE,FALSE
08-09-2023,11608,27.53120872,1.102115035,43.08456855,61.66115952,0,73.216,11.69524385,95.02138292,78.86959338,178,4,0,9,FALSE,FALSE,FALSE,FALSE,FALSE,FALSE
08-09-2023,49995,41.65055074,1.5,100,100,1,149.99,52.42279831,91.91678049,87.20287308,102,4,0,9,TRUE,FALSE,FALSE,TRUE,FALSE,FALSE
09-09-2023,24382,72.40552227,1.160839127,72.81099109,100,2,98.764,31.1986618,78.79432627,86.72405233,91,5,1,9,FALSE,FALSE,FALSE,FALSE,FALSE,FALSE
10-09-2023,22512,49.1984349,1.353082501,66.67737476,100,2,95.024,26.06399312,84.01471659,98.31524693,84,6,1,9,FALSE,FALSE,FALSE,FALSE,FALSE,FALSE
10-09-2023,29570,38.20229231,1.5,100,100,0,109.14,13.97784036,92.56923964,89.90663817,111,6,1,9,TRUE,FALSE,FALSE,FALSE,FALSE,FALSE
11-09-2023,43569,41.20494886,1.5,100,100,1,137.138,26.59084037,87.51208715,76.41574773,83,0,0,9,FALSE,FALSE,TRUE,FALSE,FALSE,FALSE
11-09-2023,11825,50.97538844,1.248470317,37.69507864,56.25915734,3,73.65,13.52579955,94.31864828,58.80786902,202,0,0,9,TRUE,FALSE,FALSE,TRUE,FALSE,TRUE
12-09-2023,12157,37.67470214,1.096496667,31.08669417,56.55073721,0,74.314,53.9260121,65.71443549,92.28741994,201,1,0,9,FALSE,FALSE,FALSE,TRUE,FALSE,FALSE
12-09-2023,45099,26.36822963,1.5,100,100,0,140.198,66.20665722,85.68211256,87.15316823,89,1,0,9,TRUE,TRUE,FALSE,FALSE,FALSE,FALSE
13-09-2023,36394,37.75408305,1.5,100,100,2,122.788,66.51081829,84.78848302,62.79000417,114,2,0,9,FALSE,FALSE,FALSE,FALSE,FALSE,FALSE
13-09-2023,34206,35.48710281,1.5,100,100,0,118.412,32.10103923,81.81213584,50.96421905,101,2,0,9,TRUE,FALSE,FALSE,FALSE,FALSE,FALSE
14-09-2023,34886,36.70973988,1.5,100,100,1,119.772,49.8252904,66.19071118,93.04385278,111,3,0,9,FALSE,FALSE,FALSE,FALSE,FALSE,FALSE
14-09-2023,27411,48.33460643,1.5,85.811949,100,1,104.822,62.57734301,92.37829714,89.98033963,118,3,0,9,TRUE,FALSE,TRUE,FALSE,FALSE,FALSE
15-09-2023,28589,47.4871043,1.5,88.5429602,100,4,107.178,56.52307367,63.37845866,64.98830213,97,4,0,9,FALSE,FALSE,TRUE,FALSE,FALSE,FALSE
15-09-2023,45304,38.41439239,1.5,100,100,3,140.608,12.86634278,70.20658164,64.23682578,100,4,0,9,TRUE,FALSE,FALSE,FALSE,TRUE,TRUE
16-09-2023,34303,41.82070247,1.5,100,100,1,118.606,15.27699477,98.24462687,84.38120728,104,5,1,9,FALSE,FALSE,TRUE,FALSE,FALSE,FALSE
16-09-2023,49247,26.25181423,1.5,100,100,3,148.494,39.50193087,88.92457662,54.35481581,113,5,1,9,TRUE,FALSE,TRUE,FALSE,FALSE,FALSE
17-09-2023,32299,45.1844134,1.5,99.5453762,100,4,114.598,38.47254341,68.86064002,53.5569436,116,6,1,9,FALSE,FALSE,FALSE,FALSE,FALSE,FALSE
17-09-2023,11570,48.00247533,1.035364702,30.31366247,59.29317281,0,73.14,50.49047724,68.03647441,91.82698186,186,6,1,9,TRUE,FALSE,FALSE,FALSE,FALSE,FALSE
18-09-2023,39046,23.00602895,1.5,100,100,2,128.092,74.25449829,80.29241479,92.26473727,87,0,0,9,TRUE,FALSE,FALSE,FALSE,FALSE,FALSE
19-09-2023,12128,46.98713463,1.088640098,34.95389589,62.50662178,1,74.256,73.35253738,89.8773915,99.20182624,197,1,0,9,FALSE,FALSE,TRUE,FALSE,FALSE,FALSE
19-09-2023,37149,43.14635803,1.5,100,100,3,124.298,19.84206733,85.73767155,92.78438898,88,1,0,9,TRUE,FALSE,TRUE,FALSE,FALSE,FALSE
20-09-2023,24036,52.75401081,1.060208768,83.48837295,100,0,98.072,71.03318268,77.37682762,88.86854852,112,2,0,9,FALSE,FALSE,FALSE,FALSE,FALSE,FALSE
20-09-2023,31045,20,1.5,100,100,0,112.09,72.19682098,93.44627629,97.05488259,91,2,0,9,TRUE,FALSE,FALSE,FALSE,FALSE,FALSE
21-09-2023,34557,37.77160902,1.5,100,100,7,119.114,79.76782919,85.47735746,74.43359255,99,3,0,9,FALSE,FALSE,FALSE,FALSE,FALSE,FALSE
21-09-2023,49784,31.3988007,1.5,100,100,1,149.568,58.83451691,74.51883188,97.6390061,107,3,0,9,TRUE,FALSE,FALSE,FALSE,FALSE,FALSE
22-09-2023,23627,35.06227086,1.148864522,80.66354218,100,2,97.254,69.22332575,82.60283451,89.38926079,95,4,0,9,TRUE,FALSE,FALSE,FALSE,FALSE,FALSE
23-09-2023,9469,52.41760456,1.316325627,32.74798239,52.0825361,0,68.938,74.04756184,75.18269832,75.3700867,217,5,1,9,FALSE,FALSE,TRUE,FALSE,FALSE,FALSE
23-09-2023,33434,25.59274351,1.5,100,100,4,116.868,71.2552179,85.82996532,95.89989829,118,5,1,9,TRUE,TRUE,FALSE,FALSE,FALSE,FALSE
24-09-2023,25999,37.68173807,1.5,77.34848339,100,2,101.998,32.95054836,70.41864981,69.60338808,112,6,1,9,FALSE,TRUE,FALSE,FALSE,FALSE,FALSE
24-09-2023,49334,30.45702481,1.5,100,100,2,148.668,27.25762371,60.76159255,84.95043203,109,6,1,9,TRUE,TRUE,FALSE,FALSE,FALSE,FALSE
25-09-2023,39225,39.80357653,1.5,100,100,1,128.45,28.65995643,95.20452594,51.49693452,83,0,0,9,FALSE,FALSE,FALSE,FALSE,FALSE,FALSE
25-09-2023,40559,32.51911196,1.5,100,100,2,131.118,40.31159025,95.0025085,89.81914032,96,0,0,9,TRUE,FALSE,FALSE,FALSE,FALSE,FALSE
26-09-2023,49234,22.99405234,1.5,100,100,3,148.468,47.09984146,98.62291519,54.52579366,93,1,0,9,FALSE,FALSE,FALSE,FALSE,FALSE,TRUE
26-09-2023,44915,23.6540282,1.5,100,100,2,139.83,35.10834648,60.41992813,69.07634334,106,1,0,9,TRUE,FALSE,FALSE,FALSE,FALSE,FALSE
27-09-2023,36050,20,1.5,100,100,0,122.1,14.5397637,73.61161079,51.95561923,100,2,0,9,FALSE,FALSE,FALSE,FALSE,FALSE,FALSE
27-09-2023,48794,41.42541029,1.5,100,100,1,147.588,59.53159072,63.55886308,64.48328763,100,2,0,9,TRUE,FALSE,FALSE,FALSE,FALSE,FALSE
28-09-2023,30341,44.89631731,1.5,92.94200187,100,2,110.682,14.26465964,63.409542,57.21641105,101,3,0,9,FALSE,FALSE,FALSE,FALSE,FALSE,FALSE
28-09-2023,23702,51.39641347,1.075818511,86.78181144,100,4,97.404,53.10652871,87.02810476,64.63511443,117,3,0,9,TRUE,FALSE,FALSE,FALSE,FALSE,TRUE
29-09-2023,40598,20,1.5,100,100,0,131.196,41.67276961,81.83828537,70.13143801,99,4,0,9,FALSE,FALSE,FALSE,FALSE,FALSE,FALSE
30-09-2023,21431,46.34694033,1.051080479,66.89513903,100,2,92.862,10.59914426,99.27512872,56.8545432,108,5,1,9,FALSE,FALSE,FALSE,FALSE,FALSE,FALSE
30-09-2023,39366,26.87084818,1.5,100,100,3,128.732,36.76141511,65.90937937,64.156779,94,5,1,9,TRUE,FALSE,FALSE,FALSE,TRUE,FALSE
01-10-2023,48932,34.97076451,1.5,100,100,0,147.864,56.54852938,60.19965131,91.80044262,94,6,1,10,FALSE,FALSE,FALSE,FALSE,FALSE,FALSE
01-10-2023,23616,54.15210337,1.226140263,77.8613711,100,2,97.232,70.01137919,96.11694981,89.49058332,93,6,1,10,TRUE,FALSE,FALSE,FALSE,FALSE,FALSE
02-10-2023,37032,42.51400852,1.5,100,100,5,124.064,40.04405943,94.74790705,51.81871699,94,0,0,10,FALSE,FALSE,FALSE,FALSE,FALSE,FALSE
03-10-2023,23168,45.91137668,1.133537083,74.14275827,100,3,96.336,75.76375984,84.98476296,82.05214541,100,1,0,10,FALSE,FALSE,TRUE,FALSE,FALSE,FALSE
03-10-2023,46757,33.94860729,1.5,100,100,4,143.514,72.34385245,62.45494799,69.93805689,110,1,0,10,TRUE,FALSE,TRUE,FALSE,FALSE,FALSE
04-10-2023,46292,41.09658486,1.5,100,100,1,142.584,61.35716599,90.22354391,65.15743669,100,2,0,10,FALSE,FALSE,FALSE,FALSE,FALSE,FALSE
05-10-2023,21319,52.22301793,1.082855517,69.41490136,100,0,92.638,39.73570603,65.52796217,85.02365514,106,3,0,10,TRUE,FALSE,FALSE,TRUE,FALSE,FALSE
06-10-2023,28957,37.32053369,1.5,94.336465,100,2,107.914,70.16999869,89.10737457,72.83330769,104,4,0,10,FALSE,FALSE,FALSE,FALSE,FALSE,FALSE
06-10-2023,33707,32.33168454,1.5,100,100,3,117.414,71.0080473,97.90980827,80.96907633,96,4,0,10,TRUE,TRUE,FALSE,FALSE,FALSE,FALSE
07-10-2023,38278,32.79520811,1.5,100,100,2,126.556,43.66295538,81.75078055,99.34701507,96,5,1,10,FALSE,FALSE,FALSE,FALSE,FALSE,FALSE
07-10-2023,38129,35.82411509,1.5,100,100,1,126.258,75.63168771,90.37253413,80.0816922,98,5,1,10,TRUE,FALSE,FALSE,TRUE,FALSE,FALSE
08-10-2023,34061,22.61955092,1.5,100,100,1,118.122,53.51665042,73.32695081,71.72561597,110,6,1,10,FALSE,FALSE,FALSE,FALSE,FALSE,FALSE
08-10-2023,30924,53.49245162,1.5,100,100,1,111.848,49.91677952,93.28001538,99.68705164,118,6,1,10,TRUE,FALSE,FALSE,FALSE,FALSE,FALSE
09-10-2023,31832,32.46686914,1.5,100,100,3,113.664,26.05566856,89.85975534,57.80764794,88,0,0,10,FALSE,FALSE,FALSE,FALSE,FALSE,FALSE
09-10-2023,25068,48.83926177,1.5,79.98313342,100,1,100.136,50.87068611,84.40908244,92.84279148,79,0,0,10,TRUE,FALSE,FALSE,FALSE,TRUE,FALSE
10-10-2023,35333,20,1.5,100,100,0,120.666,67.02424968,60.11590942,51.55371871,87,1,0,10,FALSE,FALSE,TRUE,FALSE,FALSE,FALSE
10-10-2023,23674,54.17594367,1.086714629,80.95452885,100,3,97.348,32.45194389,83.15388014,88.14841715,90,1,0,10,TRUE,FALSE,FALSE,FALSE,FALSE,FALSE
11-10-2023,37692,45.33022857,1.5,100,100,1,125.384,56.73235276,69.28137492,69.02527951,106,2,0,10,FALSE,FALSE,FALSE,FALSE,FALSE,FALSE
11-10-2023,40008,41.09935518,1.5,100,100,0,130.016,61.80371445,62.02826925,88.57402938,114,2,0,10,TRUE,FALSE,FALSE,FALSE,FALSE,FALSE
12-10-2023,23163,50.89714364,1.223295263,76.96142518,100,2,96.326,35.99457851,61.35749407,74.76175117,100,3,0,10,FALSE,FALSE,FALSE,FALSE,FALSE,FALSE
12-10-2023,21741,34.51281107,1.263031158,75.30927491,100,2,93.482,26.80312948,95.65108852,74.18309584,97,3,0,10,TRUE,FALSE,TRUE,FALSE,FALSE,FALSE
13-10-2023,12441,45.98766633,1.171684543,47.76253061,61.90734923,0,74.882,43.95470741,77.67554058,62.6186744,194,4,0,10,FALSE,FALSE,TRUE,FALSE,FALSE,FALSE
14-10-2023,23220,38.15694811,1.209536609,85.96153156,100,4,96.44,37.08307827,81.02117682,77.18804104,85,5,1,10,FALSE,FALSE,FALSE,FALSE,FALSE,FALSE
14-10-2023,51719,25.07995009,1.5,100,100,6,153.438,41.7077231,92.79856236,87.18998635,100,5,1,10,TRUE,FALSE,FALSE,TRUE,FALSE,FALSE
15-10-2023,36671,33.78096206,1.5,100,100,1,123.342,74.9263511,96.39236646,95.25283411,105,6,1,10,FALSE,FALSE,FALSE,FALSE,FALSE,FALSE
15-10-2023,22588,36.48213544,1.237716486,77.05280719,100,1,95.176,74.99281067,97.52925975,74.02313816,91,6,1,10,TRUE,FALSE,FALSE,FALSE,FALSE,FALSE
16-10-2023,36130,28.01785928,1.5,100,100,1,122.26,32.91628144,76.15252076,73.7411755,87,0,0,10,FALSE,FALSE,FALSE,FALSE,FALSE,FALSE
16-10-2023,37045,28.19398869,1.5,100,100,3,124.09,67.16989801,83.44180908,61.34543172,98,0,0,10,TRUE,FALSE,FALSE,TRUE,FALSE,FALSE
17-10-2023,11175,32.5616614,1.195200879,41.20676537,57.43570576,1,72.35,50.64357968,67.03660389,68.04849319,207,1,0,10,FALSE,FALSE,FALSE,FALSE,FALSE,FALSE
17-10-2023,35790,30.1563751,1.5,100,100,0,121.58,10.63333578,74.47099556,74.91371343,102,1,0,10,TRUE,FALSE,FALSE,FALSE,FALSE,TRUE
18-10-2023,22793,34.77979583,1.003954209,72.18663365,100,3,95.586,48.8304078,90.20608732,81.08256902,105,2,0,10,FALSE,FALSE,FALSE,FALSE,FALSE,FALSE
18-10-2023,10716,34.03671262,1.356590953,43.19214909,56.81339592,2,71.432,67.39632641,86.93796231,85.07110345,197,2,0,10,TRUE,FALSE,FALSE,FALSE,FALSE,FALSE
19-10-2023,35152,42.6923624,1.5,100,100,3,120.304,56.82486947,73.54130103,97.71781115,94,3,0,10,FALSE,FALSE,FALSE,FALSE,FALSE,FALSE
20-10-2023,11034,49.42219822,1.221347759,45.60219906,57.1973134,0,72.068,74.56250331,65.03821364,73.46491527,203,4,0,10,FALSE,FALSE,FALSE,FALSE,FALSE,FALSE
20-10-2023,43702,22.04295552,1.5,100,100,2,137.404,60.12062558,76.10848104,78.86833087,105,4,0,10,TRUE,FALSE,FALSE,FALSE,FALSE,FALSE
21-10-2023,52282,28.47361558,1.5,100,100,1,154.564,73.74602438,86.15916033,90.99276795,103,5,1,10,FALSE,FALSE,FALSE,FALSE,FALSE,FALSE
21-10-2023,10797,53.9148729,1.192034821,27.18335523,55.95571516,0,71.594,73.35836678,67.88992069,97.88525008,222,5,1,10,TRUE,FALSE,TRUE,FALSE,FALSE,FALSE
22-10-2023,24434,43.77674772,1.0571255,80.8618793,100,3,98.868,48.70583139,98.33615281,62.63742673,115,6,1,10,FALSE,FALSE,FALSE,FALSE,FALSE,FALSE
22-10-2023,43862,41.53965665,1.5,100,100,1,137.724,55.38354043,86.39031756,68.11559031,85,6,1,10,TRUE,FALSE,TRUE,FALSE,FALSE,FALSE
23-10-2023,24495,43.11132219,1.134620509,74.71481019,100,1,98.99,68.38194281,93.80768164,77.48881214,93,0,0,10,FALSE,FALSE,FALSE,FALSE,FALSE,FALSE
23-10-2023,33458,34.81481978,1.5,100,100,3,116.916,67.94324809,87.162552,81.88712722,89,0,0,10,TRUE,FALSE,FALSE,FALSE,FALSE,FALSE
24-10-2023,18092,37.7257017,1.122406002,50.62759786,93.70162952,0,86.184,65.29558227,72.28639558,95.56295417,100,1,0,10,FALSE,FALSE,FALSE,FALSE,FALSE,FALSE
24-10-2023,34831,36.79136947,1.5,100,100,3,119.662,46.80754528,94.65728873,79.42392391,91,1,0,10,TRUE,FALSE,FALSE,FALSE,FALSE,TRUE
25-10-2023,31365,35.99298683,1.5,100,100,2,112.73,21.45293307,88.86183839,91.15099151,106,2,0,10,FALSE,FALSE,FALSE,FALSE,FALSE,FALSE
25-10-2023,36365,42.65798396,1.5,100,100,3,122.73,66.26958094,92.35710284,65.71972433,98,2,0,10,TRUE,FALSE,FALSE,FALSE,FALSE,FALSE
26-10-2023,40112,23.38187373,1.5,100,100,1,130.224,42.48262514,96.54367555,91.17141635,96,3,0,10,FALSE,FALSE,TRUE,FALSE,FALSE,TRUE
26-10-2023,22185,37.89464687,1.220499514,68.54997247,100,0,94.37,32.1369997,88.44629394,71.7373054,111,3,0,10,TRUE,FALSE,TRUE,FALSE,FALSE,FALSE
27-10-2023,32957,47.36678309,1.5,100,100,0,115.914,15.11165351,94.10058565,80.12175939,85,4,0,10,FALSE,FALSE,FALSE,FALSE,FALSE,FALSE
27-10-2023,22366,75.86281133,1.096094132,77.90845798,100,1,94.732,63.91038291,77.51110501,65.59412001,120,4,0,10,TRUE,FALSE,FALSE,FALSE,FALSE,FALSE
28-10-2023,54706,29.72270577,1.5,100,100,4,159.412,71.25807302,84.02196853,85.35762236,108,5,1,10,FALSE,FALSE,FALSE,FALSE,FALSE,FALSE
28-10-2023,26461,23.09443281,1.5,96.81599999,100,2,102.922,31.49493624,93.54167089,88.72660303,80,5,1,10,TRUE,FALSE,FALSE,TRUE,FALSE,TRUE
29-10-2023,26579,35.80082643,1.5,92.28663244,100,2,103.158,19.51111156,90.27724397,99.74711331,111,6,1,10,FALSE,FALSE,FALSE,FALSE,FALSE,FALSE
29-10-2023,36721,57.73238025,1.5,100,100,1,123.442,13.91836317,67.86745046,90.67594235,89,6,1,10,TRUE,FALSE,TRUE,FALSE,FALSE,FALSE
30-10-2023,36442,47.31235402,1.5,100,100,4,122.884,31.70837964,89.34500098,90.22151237,96,0,0,10,FALSE,TRUE,FALSE,FALSE,FALSE,FALSE
30-10-2023,51906,24.2671875,1.5,100,100,3,153.812,65.23080813,95.44628392,65.47645729,87,0,0,10,TRUE,FALSE,FALSE,FALSE,FALSE,FALSE
31-10-2023,24316,34.25816147,1.1299288,82.60142607,100,2,98.632,13.87375065,70.91562808,75.31470161,103,1,0,10,FALSE,FALSE,FALSE,FALSE,FALSE,TRUE
31-10-2023,21296,68.48546998,1.190945352,74.30044185,100,1,92.592,67.66340706,82.4836234,98.83088358,109,1,0,10,TRUE,TRUE,FALSE,FALSE,FALSE,FALSE
01-11-2023,54628,44.96156961,1.5,100,100,3,159.256,39.00651293,81.29730324,52.69063865,87,2,0,11,FALSE,FALSE,TRUE,FALSE,FALSE,FALSE
01-11-2023,32355,33.44227725,1.5,100,100,5,114.71,26.09797238,65.41116756,78.79859026,108,2,0,11,TRUE,FALSE,FALSE,FALSE,FALSE,FALSE
02-11-2023,53564,41.19503723,1.5,100,100,3,157.128,66.74347654,76.59286461,72.35280458,83,3,0,11,FALSE,FALSE,TRUE,FALSE,FALSE,FALSE
02-11-2023,36745,47.5839332,1.5,100,100,2,123.49,71.48559827,83.65756874,51.82996925,98,3,0,11,TRUE,TRUE,FALSE,FALSE,FALSE,FALSE
03-11-2023,44658,37.53617491,1.5,100,100,0,139.316,29.98737263,89.73169402,65.21137513,110,4,0,11,TRUE,FALSE,TRUE,FALSE,FALSE,FALSE
04-11-2023,24445,42.23214082,1.279906007,87.54390039,100,2,98.89,71.30164301,78.64117458,60.71750244,108,5,1,11,FALSE,FALSE,FALSE,FALSE,FALSE,FALSE
04-11-2023,26007,40.45865242,1.5,84.68941801,100,0,102.014,70.77441585,77.9129472,94.40386885,106,5,1,11,TRUE,FALSE,FALSE,TRUE,FALSE,FALSE
05-11-2023,36775,43.6296446,1.5,100,100,1,123.55,21.63739962,71.90415889,97.66392837,108,6,1,11,FALSE,FALSE,FALSE,FALSE,FALSE,FALSE
05-11-2023,35018,34.46905479,1.5,100,100,2,120.036,52.26975197,77.97731382,51.82987824,104,6,1,11,TRUE,FALSE,FALSE,FALSE,FALSE,FALSE
06-11-2023,44795,38.46678428,1.5,100,100,2,139.59,56.25481568,82.21612463,60.12511814,113,0,0,11,FALSE,FALSE,FALSE,TRUE,FALSE,FALSE
07-11-2023,21772,42.45344831,1.070823139,76.32394146,100,0,93.544,75.4249797,87.62438656,52.64756151,107,1,0,11,FALSE,FALSE,FALSE,FALSE,FALSE,FALSE
07-11-2023,22140,45.54336264,1.238588067,63.8915428,100,1,94.28,65.58953548,66.95651468,50.26372959,108,1,0,11,TRUE,FALSE,FALSE,FALSE,FALSE,FALSE
08-11-2023,25982,33.822551,1.5,90.5539337,100,5,101.964,42.09244894,86.69201931,63.56871476,105,2,0,11,FALSE,FALSE,FALSE,FALSE,FALSE,FALSE
08-11-2023,25813,20,1.5,84.85611044,100,4,101.626,34.58825996,66.41066872,68.12108005,104,2,0,11,TRUE,FALSE,FALSE,FALSE,FALSE,FALSE
09-11-2023,10976,56.17018454,1.169689413,38.74355863,59.38765352,2,71.952,65.48921353,67.19366175,90.38119168,199,3,0,11,FALSE,FALSE,FALSE,FALSE,FALSE,FALSE
09-11-2023,25779,40.11630515,1.5,78.94309802,100,0,101.558,11.56041408,60.71642955,90.24632386,96,3,0,11,TRUE,FALSE,FALSE,FALSE,FALSE,FALSE
10-11-2023,38096,28.12927754,1.5,100,100,4,126.192,20.32569346,90.89069579,80.35510715,90,4,0,11,FALSE,FALSE,TRUE,FALSE,FALSE,FALSE
10-11-2023,44404,30.04556108,1.5,100,100,4,138.808,35.02437153,68.67727147,62.93799278,122,4,0,11,TRUE,FALSE,FALSE,FALSE,TRUE,FALSE
11-11-2023,24788,52.73294199,1.188232487,89.58923941,100,2,99.576,71.20860895,65.1142119,95.21571096,91,5,1,11,FALSE,TRUE,FALSE,FALSE,FALSE,FALSE
12-11-2023,22745,61.3673428,1.326332251,70.05115259,100,2,95.49,73.23427664,60.71286903,51.31990939,98,6,1,11,FALSE,FALSE,FALSE,FALSE,FALSE,FALSE
12-11-2023,37332,21.47559414,1.5,100,100,2,124.664,32.3417895,80.40745219,67.85486461,87,6,1,11,TRUE,FALSE,FALSE,FALSE,FALSE,TRUE
13-11-2023,21497,35.72059598,1.100265012,81.12162387,100,2,92.994,62.19400198,84.37943238,68.01042422,120,0,0,11,FALSE,FALSE,FALSE,FALSE,FALSE,FALSE
13-11-2023,23609,49.37554519,1.229788535,81.78815273,100,2,97.218,12.48463629,72.35826043,79.31892769,116,0,0,11,TRUE,FALSE,FALSE,FALSE,FALSE,FALSE
14-11-2023,36059,29.84663467,1.5,100,100,1,122.118,32.4598457,99.68439403,86.756431,98,1,0,11,FALSE,FALSE,FALSE,FALSE,FALSE,FALSE
14-11-2023,37436,28.40062493,1.5,100,100,4,124.872,41.80783027,65.75162895,83.43227218,95,1,0,11,TRUE,FALSE,FALSE,TRUE,FALSE,FALSE
15-11-2023,37732,44.47299058,1.5,100,100,2,125.464,14.02261071,68.18265996,73.37456501,115,2,0,11,FALSE,FALSE,FALSE,FALSE,FALSE,FALSE
15-11-2023,33995,33.71555387,1.5,100,100,0,117.99,13.24917865,70.10589647,52.5424278,107,2,0,11,TRUE,FALSE,TRUE,FALSE,FALSE,FALSE
16-11-2023,33522,39.74720765,1.5,100,100,4,117.044,75.5660476,81.44174766,52.84743743,102,3,0,11,FALSE,FALSE,FALSE,FALSE,FALSE,FALSE
16-11-2023,34371,28.32080601,1.5,100,100,1,118.742,32.79172283,74.70583281,71.53290155,108,3,0,11,TRUE,FALSE,FALSE,FALSE,FALSE,FALSE
17-11-2023,23567,38.66250011,1.228435959,83.05645263,100,1,97.134,35.17316277,78.33148147,66.36971451,102,4,0,11,FALSE,FALSE,FALSE,FALSE,FALSE,FALSE
17-11-2023,35638,36.68608807,1.5,100,100,3,121.276,54.23507516,79.93365105,91.43601608,106,4,0,11,TRUE,FALSE,TRUE,FALSE,FALSE,FALSE
18-11-2023,12675,40.81340703,1.398839699,40.71138203,63.05481448,0,75.35,48.56459977,79.12066793,84.19925717,190,5,1,11,FALSE,FALSE,FALSE,FALSE,FALSE,FALSE
18-11-2023,31352,38.59053693,1.5,100,100,1,112.704,22.25229242,86.42163346,80.24973261,106,5,1,11,TRUE,FALSE,TRUE,FALSE,FALSE,FALSE
19-11-2023,20454,55.45168785,1.022604115,77.41940996,100,0,90.908,70.76992974,80.71485944,75.25325866,89,6,1,11,FALSE,FALSE,FALSE,FALSE,FALSE,FALSE
19-11-2023,22916,56.17133163,1.078752826,74.65697668,100,1,95.832,18.10536296,64.06544297,64.64773617,107,6,1,11,TRUE,FALSE,TRUE,FALSE,FALSE,FALSE
20-11-2023,48988,41.69119191,1.5,100,100,0,147.976,75.01491563,67.80505755,67.85403749,90,0,0,11,FALSE,FALSE,FALSE,FALSE,FALSE,FALSE
20-11-2023,12526,50.66641698,1.053965105,37.24171696,58.47132387,0,75.052,77.81068895,95.06063264,93.70100483,191,0,0,11,TRUE,TRUE,FALSE,FALSE,FALSE,FALSE
21-11-2023,42792,43.83634426,1.5,100,100,1,135.584,13.63750631,60.61564073,73.89778332,104,1,0,11,FALSE,FALSE,TRUE,FALSE,FALSE,FALSE
21-11-2023,27252,34.68919711,1.5,87.43539345,100,3,104.504,62.17373393,93.74817495,73.34094448,82,1,0,11,TRUE,FALSE,FALSE,FALSE,FALSE,FALSE
22-11-2023,11763,32.96734068,1.15135108,32.0582035,60.30158433,0,73.526,10.36269825,84.50433599,54.13812066,171,2,0,11,FALSE,FALSE,TRUE,FALSE,FALSE,FALSE
22-11-2023,37025,46.09043428,1.5,100,100,3,124.05,30.40271392,99.73976336,93.67372477,81,2,0,11,TRUE,FALSE,FALSE,FALSE,FALSE,FALSE
23-11-2023,38138,44.50888292,1.5,100,100,1,126.276,68.31567277,84.68966374,62.65250273,114,3,0,11,TRUE,FALSE,FALSE,FALSE,FALSE,FALSE
24-11-2023,22897,39.90889412,1.376227829,71.5497363,100,0,95.794,53.99162834,70.64026181,62.26006918,137,4,0,11,FALSE,FALSE,FALSE,FALSE,FALSE,FALSE
24-11-2023,34578,21.98859227,1.5,100,100,1,119.156,53.17779481,64.30050351,92.44794104,93,4,0,11,TRUE,FALSE,FALSE,FALSE,TRUE,TRUE
25-11-2023,47274,38.11280073,1.5,100,100,2,144.548,21.73930976,67.91148073,90.35722765,95,5,1,11,FALSE,TRUE,FALSE,FALSE,FALSE,FALSE
25-11-2023,36727,32.1867403,1.5,100,100,3,123.454,23.05321982,86.94207685,91.73705106,108,5,1,11,TRUE,FALSE,FALSE,FALSE,FALSE,FALSE
26-11-2023,21470,82.12795345,1.208187443,78.60871171,100,1,92.94,22.2600743,76.8482186,95.47566663,91,6,1,11,FALSE,FALSE,FALSE,FALSE,FALSE,FALSE
26-11-2023,13654,26.72841158,1.298882591,36.63349145,68.48960966,0,77.308,40.1047054,98.77604132,98.99207996,209,6,1,11,TRUE,FALSE,FALSE,FALSE,FALSE,FALSE
27-11-2023,49615,38.5742653,1.5,100,100,2,149.23,29.55407115,84.00973214,65.60841405,97,0,0,11,FALSE,FALSE,FALSE,FALSE,TRUE,FALSE
27-11-2023,37397,58.15304024,1.5,100,100,1,124.794,76.16212126,95.39514785,73.83921804,93,0,0,11,TRUE,TRUE,FALSE,FALSE,FALSE,FALSE
28-11-2023,36570,37.35149705,1.5,100,100,2,123.14,56.89626376,70.95405457,57.30202756,117,1,0,11,FALSE,FALSE,TRUE,FALSE,FALSE,FALSE
28-11-2023,30912,39.57308542,1.5,100,100,0,111.824,49.89818239,90.73388531,58.05735095,113,1,0,11,TRUE,FALSE,FALSE,FALSE,FALSE,FALSE
29-11-2023,35315,38.03549669,1.5,100,100,2,120.63,68.72173294,77.99114489,95.14643139,97,2,0,11,FALSE,FALSE,FALSE,FALSE,FALSE,FALSE
29-11-2023,47810,36.22885127,1.5,100,100,3,145.62,61.89151757,60.55336289,98.14446152,106,2,0,11,TRUE,FALSE,FALSE,FALSE,FALSE,FALSE
30-11-2023,34715,27.75349229,1.5,100,100,3,119.43,65.21861795,75.96932061,98.22054551,90,3,0,11,FALSE,FALSE,FALSE,FALSE,FALSE,FALSE
30-11-2023,26805,26.0827519,1.5,88.94025927,100,1,103.61,46.57117347,85.39205083,97.44690012,107,3,0,11,TRUE,FALSE,FALSE,FALSE,FALSE,FALSE
02-12-2023,37865,20,1.5,100,100,1,125.73,45.19709564,66.57121274,59.02303136,98,5,1,12,FALSE,FALSE,FALSE,FALSE,FALSE,FALSE
03-12-2023,24062,47.49216253,1.336754433,83.90626319,100,0,98.124,43.97672804,97.68427571,56.6527516,100,6,1,12,FALSE,FALSE,FALSE,FALSE,FALSE,FALSE
03-12-2023,26507,43.20052533,1.5,91.14639635,100,0,103.014,65.89707493,79.59859225,78.25936061,116,6,1,12,TRUE,FALSE,FALSE,FALSE,FALSE,FALSE
04-12-2023,33120,40.67600095,1.5,100,100,3,116.24,62.51365657,90.48388424,54.76660179,106,0,0,12,FALSE,FALSE,FALSE,FALSE,FALSE,FALSE
04-12-2023,32040,46.0145162,1.5,100,100,1,114.08,27.48370606,88.2297069,76.75776505,85,0,0,12,TRUE,FALSE,FALSE,TRUE,FALSE,FALSE
05-12-2023,38341,27.68322589,1.5,100,100,2,126.682,59.12384684,72.03857939,62.37738008,98,1,0,12,FALSE,FALSE,TRUE,FALSE,FALSE,FALSE
05-12-2023,39097,32.98866397,1.5,100,100,2,128.194,17.400434,75.27730011,66.99460515,95,1,0,12,TRUE,FALSE,FALSE,FALSE,FALSE,FALSE
06-12-2023,34584,40.11615366,1.5,100,100,3,119.168,64.11149813,80.26768428,52.33068306,89,2,0,12,FALSE,FALSE,FALSE,FALSE,FALSE,FALSE
06-12-2023,49776,20,1.5,100,100,3,149.552,69.96161706,95.02286625,88.14472455,110,2,0,12,TRUE,FALSE,FALSE,FALSE,TRUE,FALSE
07-12-2023,11596,39.52856901,1.209648561,47.8725215,58.4305598,1,73.192,72.51617648,88.58428615,97.49370475,219,3,0,12,FALSE,FALSE,FALSE,FALSE,FALSE,FALSE
07-12-2023,26174,33.61368329,1.5,79.04237255,100,2,102.348,13.55092218,89.18474546,58.58937957,94,3,0,12,TRUE,FALSE,FALSE,FALSE,FALSE,FALSE
08-12-2023,34026,37.79879218,1.5,100,100,1,118.052,29.03003203,72.1034661,57.51993609,102,4,0,12,FALSE,FALSE,FALSE,FALSE,FALSE,FALSE
08-12-2023,24659,34.90106233,1.18161335,76.5954957,100,1,99.318,62.05583388,96.60284022,72.2684415,99,4,0,12,TRUE,FALSE,FALSE,FALSE,FALSE,FALSE
09-12-2023,24250,30.99246698,1.22211605,79.21951179,100,7,98.5,68.10626057,88.77801644,90.79651877,98,5,1,12,FALSE,FALSE,TRUE,FALSE,FALSE,TRUE
09-12-2023,35215,23.891448,1.5,100,100,1,120.43,64.42905451,65.28263923,99.04543322,88,5,1,12,TRUE,TRUE,FALSE,FALSE,FALSE,TRUE
10-12-2023,36421,24.02425954,1.5,100,100,2,122.842,76.64257073,89.58264842,55.12923989,102,6,1,12,FALSE,FALSE,FALSE,FALSE,FALSE,FALSE
10-12-2023,27915,50.21427965,1.5,89.02727013,100,0,105.83,75.00014045,86.24304135,63.44023931,106,6,1,12,TRUE,TRUE,FALSE,FALSE,FALSE,FALSE
11-12-2023,27387,44.90748613,1.5,100,100,3,104.774,70.54003073,63.05407979,72.73987538,114,0,0,12,FALSE,FALSE,FALSE,FALSE,FALSE,FALSE
11-12-2023,12867,75.12173833,1.025894145,37.56958694,60.67713931,0,75.734,29.84595795,80.72927577,78.18383144,183,0,0,12,TRUE,FALSE,FALSE,FALSE,FALSE,FALSE
12-12-2023,38466,33.19535252,1.5,100,100,0,126.932,29.14415971,85.60926202,51.17310379,88,1,0,12,FALSE,FALSE,FALSE,FALSE,FALSE,FALSE
12-12-2023,10833,59.52193821,1.357351415,36.8672524,49.76125223,0,71.666,40.73866093,75.88533001,74.06788709,197,1,0,12,TRUE,FALSE,TRUE,FALSE,FALSE,FALSE
13-12-2023,41341,52.17645024,1.5,100,100,2,132.682,40.38549456,64.42877703,50.73267619,85,2,0,12,FALSE,FALSE,FALSE,FALSE,FALSE,FALSE
13-12-2023,37376,39.98487363,1.5,100,100,0,124.752,49.66506933,93.86011254,54.74848438,110,2,0,12,TRUE,FALSE,FALSE,FALSE,FALSE,FALSE
15-12-2023,11958,50.25403242,1.35649581,33.15696376,58.36152084,3,73.916,59.36655375,69.64576195,83.56755012,241,4,0,12,FALSE,FALSE,FALSE,FALSE,FALSE,FALSE
15-12-2023,49782,33.90652316,1.5,100,100,1,149.564,23.69464592,64.25497758,53.24166988,103,4,0,12,TRUE,TRUE,FALSE,FALSE,FALSE,FALSE
16-12-2023,36097,33.4314744,1.5,100,100,1,122.194,78.44975959,75.85428966,74.17157645,94,5,1,12,FALSE,FALSE,TRUE,FALSE,FALSE,FALSE
16-12-2023,12806,39.47395178,1.199180538,48.46161388,67.36101076,1,75.612,21.93826555,85.26474705,65.17351249,212,5,1,12,TRUE,FALSE,FALSE,TRUE,FALSE,TRUE
17-12-2023,46301,44.95698913,1.5,100,100,1,142.602,62.2898321,96.77093649,62.54599561,100,6,1,12,FALSE,FALSE,TRUE,FALSE,FALSE,FALSE
18-12-2023,45496,42.21127924,1.5,100,100,1,140.992,74.71340199,78.09989341,82.66344225,95,0,0,12,FALSE,FALSE,TRUE,FALSE,FALSE,FALSE
18-12-2023,50839,41.4839781,1.5,100,100,1,151.678,56.74679036,91.0360576,89.08942723,119,0,0,12,TRUE,FALSE,FALSE,FALSE,FALSE,FALSE
19-12-2023,22625,40.51264201,1.398329989,84.85955616,100,1,95.25,18.66833075,88.36584706,93.35177976,103,1,0,12,FALSE,FALSE,TRUE,FALSE,FALSE,FALSE
19-12-2023,41184,25.10240607,1.5,100,100,2,132.368,60.89075696,87.70529971,95.91288549,88,1,0,12,TRUE,TRUE,FALSE,FALSE,FALSE,FALSE
20-12-2023,23846,28.66339016,1.307774676,87.68864729,100,0,97.692,21.27725606,72.13768463,79.93616625,107,2,0,12,FALSE,FALSE,TRUE,FALSE,FALSE,FALSE
20-12-2023,48620,28.75597415,1.5,100,100,3,147.24,40.81262753,76.1011505,75.9621414,98,2,0,12,TRUE,FALSE,TRUE,FALSE,FALSE,TRUE
21-12-2023,11990,53.33244,1.128496643,31.07087851,56.11724679,0,73.98,23.00580479,63.22641259,54.02448929,191,3,0,12,FALSE,FALSE,FALSE,FALSE,FALSE,FALSE
21-12-2023,39897,45.23688084,1.5,100,100,1,129.794,10.70206715,62.0233781,69.69360328,102,3,0,12,TRUE,FALSE,FALSE,FALSE,FALSE,FALSE
22-12-2023,40861,32.57128541,1.5,100,100,1,131.722,18.60007569,69.83854004,67.48391796,103,4,0,12,TRUE,FALSE,FALSE,FALSE,FALSE,FALSE
23-12-2023,11349,53.56811769,1.006001385,43.77198362,57.6041467,0,72.698,25.77227017,72.90186006,96.91707318,197,5,1,12,FALSE,TRUE,FALSE,FALSE,FALSE,FALSE
23-12-2023,42964,33.08647749,1.5,100,100,3,135.928,20.28272878,71.00009948,56.61396304,98,5,1,12,TRUE,FALSE,FALSE,FALSE,FALSE,TRUE
24-12-2023,24473,34.16908286,1.246358965,82.9490024,100,1,98.946,20.90218521,77.29878989,85.22234463,110,6,1,12,FALSE,FALSE,FALSE,FALSE,FALSE,FALSE
24-12-2023,23905,60.21189705,1.235337961,76.40808779,100,4,97.81,40.08728005,99.24408254,94.98822843,99,6,1,12,TRUE,FALSE,FALSE,FALSE,FALSE,FALSE
25-12-2023,11722,30.98482833,1.139739434,30.11414611,59.59400753,1,73.444,46.61750353,99.26249506,52.5139697,191,0,0,12,FALSE,FALSE,FALSE,FALSE,FALSE,FALSE
25-12-2023,24467,48.04527994,1.260281618,87.06672065,100,2,98.934,27.17810072,79.87400825,82.27573416,103,0,0,12,TRUE,FALSE,FALSE,FALSE,FALSE,FALSE
26-12-2023,12191,40.35386256,1.392508525,42.62472681,60.31053086,0,74.382,41.84218538,68.54164519,63.97904045,191,1,0,12,FALSE,FALSE,TRUE,FALSE,FALSE,TRUE
26-12-2023,40619,20,1.5,100,100,2,131.238,55.01277638,69.41366682,55.82360335,103,1,0,12,TRUE,FALSE,FALSE,TRUE,FALSE,FALSE
27-12-2023,24445,56.26072617,1.01674056,80.50115329,100,2,98.89,31.72772675,95.57719867,73.99687405,108,2,0,12,FALSE,FALSE,FALSE,FALSE,FALSE,FALSE
27-12-2023,35320,33.21535368,1.5,100,100,2,120.64,70.78874281,90.63000048,84.74523437,115,2,0,12,TRUE,FALSE,TRUE,FALSE,FALSE,FALSE
28-12-2023,22390,54.30615396,1.162535456,80.58383413,100,0,94.78,76.77994204,60.49308093,62.26620686,105,3,0,12,TRUE,FALSE,TRUE,FALSE,FALSE,FALSE
29-12-2023,39927,50.83188846,1.5,100,100,2,129.854,28.17447008,75.07899696,93.30877495,91,4,0,12,FALSE,FALSE,FALSE,FALSE,FALSE,FALSE
29-12-2023,25371,38.60405448,1.5,87.06810366,100,1,100.742,12.47126153,79.73626497,74.82100482,91,4,0,12,TRUE,FALSE,TRUE,FALSE,FALSE,FALSE
30-12-2023,25176,27.37895888,1.5,84.30012447,100,0,100.352,21.85772624,97.05866409,79.32401047,107,5,1,12,FALSE,FALSE,FALSE,FALSE,FALSE,FALSE
30-12-2023,24569,38.70038893,1.239171737,80.30647696,100,2,99.138,66.02729604,77.60503385,73.61168646,102,5,1,12,TRUE,FALSE,FALSE,TRUE,FALSE,FALSE
31-12-2023,33554,53.19098696,1.5,100,100,0,117.108,19.27010426,82.42961264,76.79591399,122,6,1,12,FALSE,FALSE,FALSE,TRUE,FALSE,FALSE
31-12-2023,24033,52.2633831,1.391541723,88.01001826,100,1,98.066,45.63181758,95.87931874,75.06954167,109,6,1,12,TRUE,FALSE,FALSE,FALSE,FALSE,FALSE
01-01-2024,11091,33.0158681,1.24777149,44.32279758,60.0967903,0,72.182,69.75646432,63.80291208,78.18055518,194,0,0,1,TRUE,FALSE,FALSE,FALSE,FALSE,FALSE
02-01-2024,35552,53.34577137,1.5,100,100,2,121.104,62.36306085,66.90939542,69.40372163,100,1,0,1,FALSE,FALSE,FALSE,FALSE,FALSE,FALSE
02-01-2024,50801,41.96988767,1.5,100,100,1,151.602,41.03658575,98.54417285,80.36051358,113,1,0,1,TRUE,FALSE,FALSE,FALSE,FALSE,FALSE
03-01-2024,38200,20.33716321,1.5,100,100,2,126.4,29.28853098,92.1595871,92.70430569,91,2,0,1,FALSE,FALSE,TRUE,FALSE,FALSE,TRUE
03-01-2024,37328,26.57178447,1.5,100,100,0,124.656,70.6706538,84.03405254,80.96013163,112,2,0,1,TRUE,FALSE,FALSE,FALSE,FALSE,FALSE
04-01-2024,28297,42.80296039,1.5,100,100,1,106.594,19.54979281,65.22710174,99.33382711,110,3,0,1,FALSE,FALSE,FALSE,FALSE,FALSE,FALSE
04-01-2024,13109,42.8912359,1.043408211,34.97007643,67.02679598,1,76.218,73.50185012,87.28146994,73.84262349,213,3,0,1,TRUE,FALSE,FALSE,FALSE,FALSE,FALSE
05-01-2024,46067,36.21515015,1.5,100,100,1,142.134,76.04211985,66.21563722,91.64858403,103,4,0,1,FALSE,TRUE,FALSE,FALSE,FALSE,FALSE
05-01-2024,50340,42.00620754,1.5,100,100,0,150.68,17.38006939,72.2752152,62.85996021,99,4,0,1,TRUE,FALSE,FALSE,FALSE,FALSE,FALSE
06-01-2024,24279,35.16483653,1.308772242,79.06959815,100,1,98.558,58.67297763,88.96102488,77.90866133,116,5,1,1,FALSE,TRUE,FALSE,FALSE,FALSE,FALSE
06-01-2024,57134,39.64639242,1.5,100,100,2,164.268,23.30908161,79.24271183,67.35763627,87,5,1,1,TRUE,TRUE,FALSE,FALSE,FALSE,FALSE
07-01-2024,39251,53.70907574,1.5,100,100,2,128.502,56.22142875,85.19918514,54.31975638,79,6,1,1,FALSE,FALSE,FALSE,FALSE,FALSE,FALSE
07-01-2024,22276,46.95607713,1.068634415,73.30987781,100,4,94.552,66.78180383,61.79315406,93.20694747,100,6,1,1,TRUE,TRUE,FALSE,FALSE,FALSE,FALSE
08-01-2024,35900,32.90061694,1.5,100,100,0,121.8,35.00613635,69.14854177,81.89873801,96,0,0,1,FALSE,TRUE,FALSE,FALSE,FALSE,FALSE
08-01-2024,22508,48.50380115,1.262036714,79.56074462,100,3,95.016,28.81148187,98.28488101,94.55853896,93,0,0,1,TRUE,FALSE,FALSE,FALSE,FALSE,FALSE
09-01-2024,29282,20.7615426,1.5,100,100,2,108.564,15.00975736,83.193943,83.30673629,94,1,0,1,FALSE,FALSE,FALSE,FALSE,FALSE,FALSE
09-01-2024,22177,60.76394141,1.086356551,74.24309452,100,2,94.354,36.67141042,97.94376538,50.63118791,86,1,0,1,TRUE,FALSE,FALSE,FALSE,FALSE,FALSE
10-01-2024,23833,38.92777316,1.12210654,88.79121305,100,1,97.666,16.58028364,68.61656122,69.61225609,122,2,0,1,FALSE,FALSE,FALSE,FALSE,FALSE,FALSE
11-01-2024,42204,37.98212563,1.5,100,100,1,134.408,68.95797875,68.35701362,88.39500333,88,3,0,1,FALSE,TRUE,FALSE,FALSE,FALSE,FALSE
11-01-2024,50058,31.00626659,1.5,100,100,3,150.116,47.89095917,90.83159924,95.92398514,104,3,0,1,TRUE,FALSE,FALSE,FALSE,FALSE,FALSE
12-01-2024,34839,42.88656374,1.5,100,100,0,119.678,76.56475424,62.94689397,89.38509931,86,4,0,1,FALSE,FALSE,FALSE,TRUE,FALSE,FALSE
12-01-2024,45510,38.60673248,1.5,100,100,0,141.02,66.74975408,93.71385394,67.07738126,115,4,0,1,TRUE,TRUE,FALSE,FALSE,FALSE,TRUE
13-01-2024,48274,24.49931038,1.5,100,100,4,146.548,36.55985571,71.30388886,82.45078215,106,5,1,1,FALSE,FALSE,FALSE,FALSE,FALSE,FALSE
13-01-2024,35680,29.38303291,1.5,100,100,4,121.36,69.02900213,72.18432143,82.5227515,86,5,1,1,TRUE,FALSE,FALSE,FALSE,FALSE,FALSE
14-01-2024,36423,46.76876543,1.5,100,100,3,122.846,56.48460537,70.45637426,87.48350103,112,6,1,1,FALSE,FALSE,FALSE,FALSE,FALSE,FALSE
14-01-2024,11495,51.06203577,1.251000265,37.05686758,57.52214036,0,72.99,53.28312579,91.86272346,58.83875041,192,6,1,1,TRUE,FALSE,FALSE,TRUE,FALSE,FALSE
15-01-2024,29402,39.4828927,1.5,100,100,2,108.804,34.90612069,77.41308939,68.23305009,97,0,0,1,FALSE,FALSE,FALSE,TRUE,FALSE,FALSE
15-01-2024,20464,47.69098065,1.060056191,60.14065075,99.00988281,1,90.928,54.88128618,90.55007908,78.27325171,100,0,0,1,TRUE,FALSE,FALSE,FALSE,FALSE,FALSE
16-01-2024,25646,20,1.5,83.94176377,100,2,101.292,69.15159414,84.70864586,92.67673912,113,1,0,1,FALSE,FALSE,TRUE,FALSE,FALSE,FALSE
16-01-2024,32912,31.32679605,1.5,100,100,4,115.824,38.17977035,84.52275778,56.7335697,100,1,0,1,TRUE,FALSE,FALSE,FALSE,FALSE,TRUE
17-01-2024,47410,23.51181599,1.5,100,100,3,144.82,56.12531106,97.88953987,55.01875782,93,2,0,1,FALSE,FALSE,TRUE,FALSE,FALSE,FALSE
17-01-2024,25438,27.52613855,1.5,92.66748142,100,2,100.876,22.22417731,84.82014929,54.18872527,103,2,0,1,TRUE,FALSE,TRUE,FALSE,FALSE,FALSE
18-01-2024,39865,48.44574737,1.5,100,100,2,129.73,24.01015971,87.19842079,50.97109036,94,3,0,1,FALSE,TRUE,FALSE,FALSE,FALSE,FALSE
18-01-2024,38786,39.49112944,1.5,100,100,1,127.572,14.94073816,70.77426031,74.55450962,105,3,0,1,TRUE,TRUE,FALSE,FALSE,FALSE,FALSE
19-01-2024,29805,29.70483432,1.5,99.24831087,100,2,109.61,49.27754067,91.23676094,90.98233438,89,4,0,1,TRUE,TRUE,FALSE,FALSE,FALSE,FALSE
20-01-2024,40315,39.51111219,1.5,100,100,1,130.63,12.91010952,66.17669491,82.66853617,124,5,1,1,TRUE,FALSE,FALSE,TRUE,FALSE,FALSE
21-01-2024,32652,39.64926233,1.5,100,100,1,115.304,58.05469857,72.16585469,90.29411555,100,6,1,1,FALSE,FALSE,FALSE,FALSE,FALSE,TRUE
21-01-2024,21690,53.40083725,1.031789908,63.55727629,100,0,93.38,68.20019475,81.74284403,71.60339711,92,6,1,1,TRUE,FALSE,FALSE,FALSE,FALSE,FALSE
22-01-2024,34995,55.39780697,1.5,100,100,3,119.99,44.38391779,80.9837322,74.3976752,84,0,0,1,FALSE,FALSE,FALSE,FALSE,FALSE,FALSE
23-01-2024,19057,34.34497857,1.125909592,65.90157862,91.56827808,1,88.114,52.88636928,76.07177994,50.49008926,91,1,0,1,FALSE,FALSE,FALSE,FALSE,FALSE,FALSE
23-01-2024,23954,37.82039987,1.175129384,79.66773042,100,3,97.908,30.17097889,89.8838433,92.89706296,87,1,0,1,TRUE,FALSE,FALSE,FALSE,FALSE,FALSE
24-01-2024,29267,35.47988951,1.5,97.42157088,100,1,108.534,71.67268328,61.09255858,96.73490967,112,2,0,1,FALSE,TRUE,FALSE,FALSE,FALSE,FALSE
24-01-2024,35825,48.50972176,1.5,100,100,1,121.65,52.56406051,66.07304859,84.1645206,102,2,0,1,TRUE,FALSE,FALSE,FALSE,FALSE,FALSE
25-01-2024,25955,39.91524928,1.5,95.07897863,100,1,101.91,39.04281657,80.3487365,61.71042925,96,3,0,1,FALSE,FALSE,FALSE,FALSE,FALSE,FALSE
25-01-2024,25664,30.31515361,1.5,88.38129333,100,4,101.328,56.86186997,74.55068626,76.24885023,107,3,0,1,TRUE,TRUE,FALSE,FALSE,FALSE,TRUE
26-01-2024,11459,33.84170153,1.170627175,29.65364618,62.08802363,1,72.918,65.82161765,72.79619858,68.75722703,174,4,0,1,FALSE,FALSE,FALSE,FALSE,FALSE,FALSE
26-01-2024,26694,45.62309969,1.5,91.75518488,100,5,103.388,57.37511984,86.24590419,93.47464664,95,4,0,1,TRUE,FALSE,FALSE,FALSE,FALSE,FALSE
27-01-2024,43056,50.45704329,1.5,100,100,4,136.112,73.53384318,68.79534522,60.04615174,105,5,1,1,TRUE,FALSE,TRUE,FALSE,FALSE,FALSE
28-01-2024,29617,38.90047312,1.5,100,100,2,109.234,18.45922425,84.4922721,51.58554441,104,6,1,1,FALSE,FALSE,FALSE,FALSE,FALSE,TRUE
28-01-2024,34514,34.46497271,1.5,100,100,3,119.028,37.99650311,95.87399879,57.63531001,96,6,1,1,TRUE,FALSE,FALSE,FALSE,FALSE,FALSE
29-01-2024,25977,21.72675634,1.5,88.72961221,100,1,101.954,77.70544972,90.90301063,72.84989117,76,0,0,1,FALSE,FALSE,FALSE,FALSE,FALSE,FALSE
29-01-2024,36437,31.97140437,1.5,100,100,1,122.874,78.49782773,67.64910378,51.80548618,105,0,0,1,TRUE,FALSE,FALSE,FALSE,TRUE,TRUE
30-01-2024,10807,36.92924263,1.044773383,44.30311076,55.13584864,1,71.614,73.7522984,97.04442843,82.62151469,200,1,0,1,FALSE,FALSE,TRUE,FALSE,FALSE,FALSE
30-01-2024,33394,37.45911581,1.5,100,100,4,116.788,43.15843841,95.15293302,61.47858381,86,1,0,1,TRUE,FALSE,TRUE,FALSE,FALSE,FALSE
31-01-2024,51290,35.88833705,1.5,100,100,2,152.58,28.06116866,70.06825464,71.04991228,103,2,0,1,FALSE,FALSE,FALSE,FALSE,FALSE,FALSE
31-01-2024,25029,31.12294907,1.5,76.82352362,100,1,100.058,50.05231849,94.20648343,65.98092744,86,2,0,1,TRUE,TRUE,FALSE,FALSE,FALSE,FALSE
01-02-2024,32285,37.68407744,1.5,100,100,0,114.57,35.91810753,99.20819387,98.31850847,104,3,0,2,FALSE,FALSE,TRUE,FALSE,FALSE,FALSE
01-02-2024,44557,25.8374212,1.5,100,100,2,139.114,59.48784094,98.05202933,74.6971759,90,3,0,2,TRUE,FALSE,FALSE,TRUE,FALSE,FALSE
02-02-2024,37720,25.01896286,1.5,100,100,2,125.44,69.07503924,66.86089704,82.76547576,111,4,0,2,FALSE,FALSE,FALSE,FALSE,FALSE,FALSE
02-02-2024,26712,29.599921,1.5,80.98860331,100,2,103.424,29.49041198,99.52692986,55.3907138,97,4,0,2,TRUE,FALSE,FALSE,FALSE,FALSE,FALSE
03-02-2024,11202,55.55674581,1.16864799,28.16604625,52.38643758,1,72.404,60.91406663,74.92646849,93.41446805,200,5,1,2,FALSE,TRUE,FALSE,FALSE,FALSE,FALSE
03-02-2024,30432,38.03556572,1.5,99.19858147,100,1,110.864,52.61384748,61.71846655,56.4421975,101,5,1,2,TRUE,FALSE,FALSE,FALSE,FALSE,FALSE
04-02-2024,12161,45.41488038,1.206469664,46.20178898,58.5448316,0,74.322,17.33876512,73.27844464,69.29355447,182,6,1,2,FALSE,FALSE,FALSE,FALSE,FALSE,FALSE
04-02-2024,25601,26.96215917,1.5,93.27178583,100,3,101.202,74.49678732,81.70265027,73.13795649,102,6,1,2,TRUE,FALSE,FALSE,FALSE,FALSE,FALSE
05-02-2024,12874,43.21770639,1.214821059,33.6955641,63.10951086,1,75.748,23.13984869,83.11868113,80.37651237,198,0,0,2,FALSE,TRUE,FALSE,FALSE,FALSE,FALSE
05-02-2024,12139,45.39987708,1.194751096,44.21650635,60.96876804,0,74.278,33.82142423,98.42255121,79.76081015,186,0,0,2,TRUE,FALSE,FALSE,FALSE,FALSE,FALSE
06-02-2024,34070,36.92287552,1.5,100,100,0,118.14,49.43586892,67.285135,59.50213537,89,1,0,2,FALSE,FALSE,FALSE,FALSE,FALSE,FALSE
06-02-2024,43325,42.55002973,1.5,100,100,1,136.65,72.19941709,74.50434788,81.86773333,114,1,0,2,TRUE,TRUE,FALSE,FALSE,FALSE,FALSE
08-02-2024,31466,50.46929436,1.5,100,100,0,112.932,36.04835698,76.04394661,63.46026812,98,3,0,2,TRUE,TRUE,FALSE,FALSE,FALSE,FALSE
09-02-2024,22266,39.60122023,1.282557211,80.59115539,100,0,94.532,73.55293694,88.93718309,94.28449265,113,4,0,2,FALSE,TRUE,FALSE,FALSE,FALSE,FALSE
09-02-2024,39086,35.05461323,1.5,100,100,3,128.172,46.07499581,96.68631643,61.01630731,92,4,0,2,TRUE,FALSE,FALSE,FALSE,FALSE,FALSE
10-02-2024,25465,39.63275656,1.5,76.72300802,100,2,100.93,50.50184553,92.58708197,55.67123828,96,5,1,2,FALSE,FALSE,FALSE,FALSE,FALSE,FALSE
10-02-2024,43629,26.26534038,1.5,100,100,1,137.258,69.03073897,65.35977951,71.75749107,109,5,1,2,TRUE,FALSE,FALSE,TRUE,FALSE,FALSE
11-02-2024,50673,32.74153264,1.5,100,100,4,151.346,26.11790229,92.04310582,97.05554155,123,6,1,2,FALSE,FALSE,FALSE,TRUE,FALSE,FALSE
11-02-2024,37242,41.07343664,1.5,100,100,2,124.484,66.8217718,66.85109894,75.35041167,98,6,1,2,TRUE,FALSE,FALSE,TRUE,FALSE,FALSE
12-02-2024,35945,48.4380797,1.5,100,100,0,121.89,50.55237849,85.61905302,52.49823819,82,0,0,2,FALSE,FALSE,FALSE,FALSE,FALSE,FALSE
12-02-2024,23918,43.73263462,1.130738686,77.7743713,100,2,97.836,37.83035346,60.94113494,82.2941075,95,0,0,2,TRUE,FALSE,FALSE,FALSE,FALSE,FALSE
13-02-2024,25646,20,1.5,76.95397051,100,4,101.292,32.93174996,90.4618778,51.86337867,83,1,0,2,FALSE,FALSE,FALSE,FALSE,FALSE,FALSE
13-02-2024,12489,50.70822038,1.185034281,49.23958243,59.67432076,0,74.978,26.98917389,63.46406128,82.63968339,204,1,0,2,TRUE,FALSE,TRUE,FALSE,FALSE,FALSE
14-02-2024,38397,32.60615031,1.5,100,100,0,126.794,35.16738696,61.64954494,87.51945214,93,2,0,2,FALSE,FALSE,FALSE,FALSE,FALSE,FALSE
14-02-2024,34155,30.32391265,1.5,100,100,2,118.31,14.48973896,77.18875728,80.74274526,99,2,0,2,TRUE,FALSE,FALSE,FALSE,FALSE,FALSE
15-02-2024,33317,46.53315665,1.5,100,100,4,116.634,26.17380628,87.45799558,70.87896041,88,3,0,2,FALSE,FALSE,FALSE,FALSE,FALSE,FALSE
15-02-2024,27304,35.18331762,1.5,81.71709058,100,4,104.608,45.164294,67.10163101,59.56633337,109,3,0,2,TRUE,FALSE,FALSE,FALSE,FALSE,FALSE
16-02-2024,32860,27.65968777,1.5,100,100,2,115.72,47.99423607,73.86739154,55.28383874,87,4,0,2,FALSE,FALSE,FALSE,FALSE,FALSE,FALSE
17-02-2024,38488,50.0220119,1.5,100,100,1,126.976,26.55459739,77.61915309,53.66461685,96,5,1,2,FALSE,FALSE,TRUE,FALSE,FALSE,FALSE
17-02-2024,28475,48.64265035,1.5,93.46307586,100,2,106.95,24.61777598,66.96351485,50.59484075,87,5,1,2,TRUE,FALSE,TRUE,FALSE,FALSE,TRUE
18-02-2024,25157,49.84335558,1.5,76.33624952,100,4,100.314,48.1361158,94.37058636,53.23950425,95,6,1,2,FALSE,FALSE,FALSE,FALSE,FALSE,FALSE
18-02-2024,35038,21.20390479,1.5,100,100,1,120.076,75.60851299,87.13149233,95.7726899,99,6,1,2,TRUE,FALSE,TRUE,FALSE,FALSE,FALSE
19-02-2024,46265,45.54981206,1.5,100,100,0,142.53,37.53259195,61.31548024,58.60256271,94,0,0,2,FALSE,FALSE,FALSE,FALSE,TRUE,FALSE
19-02-2024,57774,34.33355117,1.5,100,100,1,165.548,66.3884604,84.27019514,97.76711227,106,0,0,2,TRUE,FALSE,FALSE,FALSE,FALSE,FALSE
20-02-2024,41173,25.67470986,1.5,100,100,2,132.346,57.68067293,74.72818634,97.48587084,95,1,0,2,FALSE,TRUE,FALSE,FALSE,FALSE,FALSE
20-02-2024,36776,33.89741091,1.5,100,100,3,123.552,54.22720493,69.94906609,61.12748281,106,1,0,2,TRUE,TRUE,FALSE,FALSE,FALSE,FALSE
21-02-2024,52161,20,1.5,100,100,2,154.322,53.36605306,92.25815693,58.34211015,112,2,0,2,FALSE,FALSE,FALSE,TRUE,FALSE,FALSE
21-02-2024,21997,56.78198306,1.2660576,74.27169013,100,1,93.994,79.46125987,83.85404422,75.53268565,117,2,0,2,TRUE,FALSE,FALSE,FALSE,FALSE,FALSE
22-02-2024,35515,20,1.5,100,100,2,121.03,51.31053975,61.59906932,71.21894178,108,3,0,2,FALSE,TRUE,FALSE,FALSE,FALSE,FALSE
22-02-2024,54274,29.77995221,1.5,100,100,4,158.548,41.28928228,98.91784367,53.10708222,96,3,0,2,TRUE,FALSE,FALSE,FALSE,FALSE,FALSE
23-02-2024,38516,43.08632347,1.5,100,100,0,127.032,44.16129015,95.56076342,63.72285043,95,4,0,2,FALSE,FALSE,FALSE,FALSE,FALSE,FALSE
23-02-2024,40161,60.2713876,1.5,100,100,3,130.322,54.83947873,84.46678243,66.7323162,106,4,0,2,TRUE,TRUE,FALSE,FALSE,FALSE,FALSE
24-02-2024,33162,20.8187519,1.5,100,100,3,116.324,51.58096434,91.14397533,94.10662932,100,5,1,2,FALSE,FALSE,TRUE,FALSE,FALSE,FALSE
25-02-2024,33142,33.52550591,1.5,100,100,2,116.284,27.05161851,87.87208277,59.20155066,91,6,1,2,FALSE,TRUE,FALSE,FALSE,FALSE,FALSE
25-02-2024,52728,38.60854886,1.5,100,100,0,155.456,36.57965098,88.93452184,54.40553062,87,6,1,2,TRUE,FALSE,FALSE,FALSE,FALSE,FALSE
26-02-2024,25395,28.88759814,1.5,84.42549118,100,3,100.79,68.90453366,98.27838964,66.54206633,106,0,0,2,FALSE,FALSE,TRUE,FALSE,FALSE,FALSE
26-02-2024,11496,64.56081299,1.038244904,35.94786762,57.61160927,0,72.992,63.89619188,89.42920848,55.81833606,200,0,0,2,TRUE,TRUE,FALSE,FALSE,FALSE,FALSE
27-02-2024,38703,36.31611034,1.5,100,100,1,127.406,39.46179394,78.1088406,57.52277982,89,1,0,2,FALSE,FALSE,FALSE,FALSE,FALSE,FALSE
27-02-2024,23614,27.60144674,1.063325778,77.02192696,100,2,97.228,59.76138073,98.82920978,58.85276614,81,1,0,2,TRUE,FALSE,FALSE,FALSE,TRUE,FALSE
28-02-2024,41200,41.65638526,1.5,100,100,3,132.4,59.13237298,67.60120848,62.40647746,100,2,0,2,FALSE,FALSE,FALSE,FALSE,FALSE,FALSE
28-02-2024,27136,20,1.5,82.27100146,100,1,104.272,48.08677089,88.70954051,75.02216595,100,2,0,2,TRUE,FALSE,FALSE,FALSE,FALSE,TRUE
29-02-2024,55267,31.59905108,1.5,100,100,2,160.534,55.75770925,65.87748599,88.00140911,101,3,0,2,FALSE,FALSE,FALSE,FALSE,FALSE,FALSE
29-02-2024,43920,20,1.5,100,100,1,137.84,68.35608377,73.77419412,57.62078602,89,3,0,2,TRUE,FALSE,FALSE,FALSE,FALSE,FALSE
01-03-2024,38557,27.15206814,1.5,100,100,1,127.114,56.64277496,66.01662473,58.97702544,113,4,0,3,FALSE,FALSE,FALSE,FALSE,FALSE,FALSE
01-03-2024,42638,35.20018312,1.5,100,100,1,135.276,63.57414296,96.73684059,91.15047969,102,4,0,3,TRUE,FALSE,FALSE,FALSE,TRUE,FALSE
02-03-2024,12819,37.33683211,1.229464203,32.75059768,65.11214766,0,75.638,19.25076219,97.1663614,98.41205705,201,5,1,3,FALSE,FALSE,FALSE,FALSE,FALSE,FALSE
02-03-2024,47132,33.51229023,1.5,100,100,2,144.264,68.86756941,65.78426313,75.11240052,111,5,1,3,TRUE,FALSE,FALSE,TRUE,FALSE,FALSE
03-03-2024,32497,37.28435383,1.5,99.29267528,100,1,114.994,44.65879115,78.57018307,67.99096176,110,6,1,3,FALSE,FALSE,FALSE,FALSE,FALSE,FALSE
03-03-2024,24751,80.48682398,1.351600212,80.85078936,100,2,99.502,55.62477934,66.0887819,98.79616602,96,6,1,3,TRUE,FALSE,FALSE,FALSE,FALSE,FALSE
04-03-2024,35431,28.91232534,1.5,100,100,3,120.862,70.73644603,82.71714902,58.63761531,103,0,0,3,FALSE,FALSE,FALSE,FALSE,FALSE,TRUE
04-03-2024,36491,23.49099951,1.5,100,100,2,122.982,24.22580055,77.92189981,81.46279532,113,0,0,3,TRUE,TRUE,FALSE,FALSE,FALSE,FALSE
05-03-2024,25192,37.9660157,1.5,91.37185932,100,2,100.384,47.14402808,76.42082526,81.44526502,111,1,0,3,FALSE,FALSE,FALSE,FALSE,FALSE,FALSE
05-03-2024,25339,36.96892343,1.5,85.96096398,100,3,100.678,77.62626762,61.41074303,83.82375965,118,1,0,3,TRUE,FALSE,FALSE,FALSE,FALSE,TRUE
06-03-2024,46298,42.39548628,1.5,100,100,3,142.596,15.42036456,71.56700161,81.42095417,103,2,0,3,FALSE,FALSE,FALSE,TRUE,FALSE,FALSE
06-03-2024,46082,56.1441889,1.5,100,100,1,142.164,37.81840911,88.41301,84.76258912,101,2,0,3,TRUE,FALSE,FALSE,TRUE,FALSE,FALSE
07-03-2024,12759,32.38011269,1.101810889,36.78783532,68.16381983,1,75.518,64.40581383,62.87004736,95.23367307,194,3,0,3,FALSE,FALSE,FALSE,TRUE,FALSE,FALSE
07-03-2024,30864,29.1706224,1.5,97.0457944,100,4,111.728,38.32697501,74.50664139,94.74731065,108,3,0,3,TRUE,FALSE,FALSE,FALSE,FALSE,FALSE
08-03-2024,26028,20,1.5,92.0184046,100,1,102.056,15.95349226,84.11147395,53.8580438,82,4,0,3,FALSE,FALSE,FALSE,TRUE,FALSE,FALSE
09-03-2024,36948,46.85062203,1.5,100,100,0,123.896,20.58458057,97.04682992,97.86169754,107,5,1,3,FALSE,FALSE,FALSE,TRUE,FALSE,FALSE
10-03-2024,23717,49.39280252,1.229403939,82.78005118,100,3,97.434,75.42118375,88.40907644,64.01351714,88,6,1,3,FALSE,FALSE,FALSE,FALSE,FALSE,FALSE
10-03-2024,48968,26.0504103,1.5,100,100,1,147.936,10.31147,86.8125517,65.97344243,125,6,1,3,TRUE,FALSE,FALSE,TRUE,FALSE,FALSE
11-03-2024,35399,33.34152083,1.5,100,100,3,120.798,64.79816462,93.93420215,99.49266517,102,0,0,3,FALSE,FALSE,FALSE,FALSE,FALSE,FALSE
11-03-2024,27026,41.73111853,1.5,99.85032909,100,0,104.052,77.29100422,61.84474948,61.81859602,101,0,0,3,TRUE,FALSE,TRUE,FALSE,FALSE,FALSE
12-03-2024,34575,26.53305302,1.5,100,100,2,119.15,20.91427426,83.65161824,56.43932633,99,1,0,3,FALSE,FALSE,FALSE,FALSE,FALSE,FALSE
12-03-2024,39508,53.45006329,1.5,100,100,2,129.016,19.57486958,90.81699876,70.96394371,92,1,0,3,TRUE,TRUE,FALSE,FALSE,FALSE,FALSE
13-03-2024,25521,32.39275448,1.5,86.14057251,100,2,101.042,15.65663547,82.34876149,59.54394829,97,2,0,3,FALSE,FALSE,FALSE,FALSE,FALSE,FALSE
13-03-2024,52243,27.421987,1.5,100,100,5,154.486,66.10249858,84.07129705,57.55422893,108,2,0,3,TRUE,FALSE,TRUE,FALSE,FALSE,FALSE
14-03-2024,45313,46.06645887,1.5,100,100,1,140.626,13.58181447,96.82243117,94.07053229,105,3,0,3,TRUE,FALSE,FALSE,FALSE,FALSE,FALSE
15-03-2024,48093,42.53374067,1.5,100,100,4,146.186,58.71841136,97.70075008,76.61199569,101,4,0,3,FALSE,FALSE,FALSE,FALSE,FALSE,FALSE
15-03-2024,44169,42.10719684,1.5,100,100,2,138.338,41.36025949,77.52806986,84.48723924,81,4,0,3,TRUE,FALSE,FALSE,FALSE,FALSE,FALSE
16-03-2024,37421,30.74678875,1.5,100,100,1,124.842,48.86821988,70.25256093,69.09126174,99,5,1,3,FALSE,FALSE,FALSE,FALSE,FALSE,FALSE
16-03-2024,26226,40.65703017,1.5,79.05283043,100,1,102.452,26.6869849,73.44981184,91.87305766,88,5,1,3,TRUE,FALSE,FALSE,TRUE,FALSE,FALSE
17-03-2024,23233,33.73841486,1.165359302,86.68759501,100,2,96.466,33.59691071,94.41922159,76.86826499,103,6,1,3,TRUE,FALSE,FALSE,FALSE,TRUE,FALSE
18-03-2024,23916,50.37407343,1.340783519,83.77264731,100,6,97.832,25.95171497,82.58005612,77.32633399,93,0,0,3,FALSE,FALSE,FALSE,FALSE,FALSE,FALSE
18-03-2024,47199,40.97425814,1.5,100,100,1,144.398,23.93832962,60.87079257,51.76106063,104,0,0,3,TRUE,FALSE,TRUE,FALSE,FALSE,FALSE
19-03-2024,23957,59.40403244,1.007970648,72.90886534,100,3,97.914,78.8912372,98.20732393,85.58983449,108,1,0,3,FALSE,FALSE,FALSE,FALSE,FALSE,FALSE
20-03-2024,35753,38.82222881,1.5,100,100,3,121.506,59.22843176,63.5009268,59.23364333,94,2,0,3,FALSE,TRUE,FALSE,FALSE,FALSE,FALSE
20-03-2024,37705,30.83738441,1.5,100,100,3,125.41,34.38807049,74.42678769,61.20403307,87,2,0,3,TRUE,FALSE,FALSE,FALSE,FALSE,FALSE
21-03-2024,48824,26.26807095,1.5,100,100,3,147.648,44.61013725,66.38692384,89.65385735,102,3,0,3,FALSE,FALSE,FALSE,FALSE,TRUE,TRUE
21-03-2024,31027,27.68213887,1.5,100,100,1,112.054,24.18583528,65.83590831,74.27495876,86,3,0,3,TRUE,FALSE,TRUE,FALSE,FALSE,FALSE
22-03-2024,26029,43.49970948,1.5,79.19518549,100,2,102.058,13.65492004,83.62109245,55.05384704,105,4,0,3,FALSE,FALSE,FALSE,TRUE,FALSE,FALSE
22-03-2024,41828,38.81728785,1.5,100,100,0,133.656,61.10168182,69.6136967,99.09158922,101,4,0,3,TRUE,FALSE,FALSE,FALSE,FALSE,FALSE
23-03-2024,37008,29.67865741,1.5,100,100,2,124.016,13.85928298,99.09339914,63.98822833,99,5,1,3,FALSE,TRUE,FALSE,FALSE,FALSE,TRUE
23-03-2024,24686,23.7277265,1.187548163,80.50342724,100,2,99.372,20.92241467,61.46770533,72.25221766,98,5,1,3,TRUE,FALSE,FALSE,FALSE,FALSE,FALSE
24-03-2024,11450,40.0189466,1.326548859,29.36221526,58.20909251,0,72.9,76.43814311,63.99486593,82.09338382,211,6,1,3,FALSE,FALSE,FALSE,TRUE,FALSE,FALSE
24-03-2024,23779,35.24580571,1.249308346,75.6024482,100,3,97.558,25.1997231,83.09993321,99.02159538,99,6,1,3,TRUE,FALSE,FALSE,FALSE,FALSE,FALSE
25-03-2024,33561,28.78976434,1.5,100,100,3,117.122,17.59527217,62.88424477,73.79094927,109,0,0,3,FALSE,FALSE,FALSE,FALSE,FALSE,FALSE
25-03-2024,23315,31.09487208,1.146515403,81.33585047,100,3,96.63,54.75013568,67.34977192,70.83426992,95,0,0,3,TRUE,FALSE,FALSE,FALSE,FALSE,FALSE
26-03-2024,47430,38.43514251,1.5,100,100,1,144.86,26.94587721,79.69944309,63.10513929,100,1,0,3,FALSE,FALSE,FALSE,FALSE,FALSE,FALSE
26-03-2024,11774,50.02712566,1.197975249,43.14725194,57.55558246,1,73.548,43.20384884,67.34788579,69.62124426,187,1,0,3,TRUE,FALSE,FALSE,FALSE,FALSE,TRUE
27-03-2024,22786,46.62751199,1.362932095,78.48127064,100,2,95.572,28.35512891,60.41461652,88.62630588,129,2,0,3,FALSE,TRUE,FALSE,FALSE,FALSE,FALSE
27-03-2024,44823,30.98543462,1.5,100,100,2,139.646,77.30759093,98.32115025,89.21704458,100,2,0,3,TRUE,FALSE,FALSE,FALSE,TRUE,FALSE
28-03-2024,11467,41.98744843,1.185215884,32.00090894,53.3846674,1,72.934,24.10513652,64.88639628,83.01732767,165,3,0,3,FALSE,FALSE,FALSE,FALSE,FALSE,FALSE
28-03-2024,37680,39.43123304,1.5,100,100,3,125.36,31.05281938,76.93521846,55.662203,86,3,0,3,TRUE,FALSE,FALSE,FALSE,FALSE,FALSE
29-03-2024,38472,21.75705241,1.5,100,100,1,126.944,19.32892031,64.71157558,83.70577644,110,4,0,3,FALSE,FALSE,FALSE,FALSE,FALSE,FALSE
29-03-2024,24859,21.73336091,1.050820104,82.1952671,100,3,99.718,58.13484378,81.57727954,92.47416026,110,4,0,3,TRUE,FALSE,FALSE,TRUE,FALSE,FALSE
30-03-2024,36163,53.08355969,1.5,100,100,3,122.326,77.87605531,78.38978875,72.56503735,102,5,1,3,FALSE,TRUE,FALSE,FALSE,FALSE,FALSE
31-03-2024,27671,36.64490572,1.5,82.85627249,100,1,105.342,50.73734327,62.55956992,85.29984241,119,6,1,3,FALSE,TRUE,FALSE,FALSE,FALSE,FALSE
31-03-2024,21588,47.6309387,1.31040372,80.12983835,100,0,93.176,77.72966802,66.83298154,89.71100833,85,6,1,3,TRUE,FALSE,FALSE,FALSE,FALSE,FALSE
01-04-2024,35649,22.30228602,1.5,100,100,3,121.298,50.28487024,93.13578394,94.57260961,94,0,0,4,FALSE,FALSE,FALSE,FALSE,FALSE,FALSE
01-04-2024,36725,29.78192767,1.5,100,100,2,123.45,53.85365147,78.3855898,70.88175269,104,0,0,4,TRUE,FALSE,FALSE,FALSE,TRUE,FALSE
02-04-2024,35061,26.52692704,1.5,100,100,0,120.122,32.22769829,86.46882848,97.93866573,106,1,0,4,FALSE,FALSE,FALSE,FALSE,FALSE,TRUE
02-04-2024,36243,41.01248273,1.5,100,100,3,122.486,74.77365629,85.62538942,60.12584523,109,1,0,4,TRUE,FALSE,TRUE,FALSE,FALSE,TRUE
03-04-2024,23648,55.50337302,1.117489532,85.94563296,100,0,97.296,52.14339311,82.20476587,91.68689978,100,2,0,4,FALSE,FALSE,FALSE,FALSE,TRUE,FALSE
03-04-2024,10979,34.91452841,1.081502804,37.50103895,50.10905928,0,71.958,52.83134186,79.40465317,87.23789153,210,2,0,4,TRUE,FALSE,FALSE,TRUE,FALSE,FALSE
04-04-2024,25065,20,1.5,92.01065647,100,5,100.13,11.99487263,94.8748257,68.34151039,96,3,0,4,TRUE,FALSE,FALSE,FALSE,FALSE,FALSE
05-04-2024,25941,36.75314501,1.5,95.42892734,100,2,101.882,74.34451517,62.57017339,74.18422762,91,4,0,4,FALSE,FALSE,FALSE,TRUE,FALSE,FALSE
06-04-2024,25898,43.51977734,1.5,83.6504612,100,2,101.796,50.93035162,79.74058415,61.43844641,105,5,1,4,FALSE,FALSE,FALSE,FALSE,FALSE,FALSE
06-04-2024,35584,37.62968994,1.5,100,100,1,121.168,13.09215443,64.01924113,70.37619416,96,5,1,4,TRUE,FALSE,FALSE,FALSE,FALSE,FALSE
07-04-2024,37083,38.92238567,1.5,100,100,1,124.166,17.26888932,78.75431522,94.43616761,99,6,1,4,FALSE,FALSE,FALSE,FALSE,FALSE,FALSE
07-04-2024,25921,36.22363227,1.5,79.05305537,100,2,101.842,48.47255206,95.92343359,94.22896016,80,6,1,4,TRUE,FALSE,FALSE,FALSE,FALSE,FALSE
08-04-2024,45170,22.01453743,1.5,100,100,2,140.34,33.71517198,78.51530094,91.80116433,95,0,0,4,FALSE,FALSE,FALSE,FALSE,FALSE,FALSE
08-04-2024,39519,42.73932324,1.5,100,100,4,129.038,44.96334607,83.19327301,87.72824044,94,0,0,4,TRUE,FALSE,TRUE,FALSE,FALSE,FALSE
09-04-2024,35295,35.94442398,1.5,100,100,2,120.59,24.87487819,96.32530908,76.11252803,90,1,0,4,FALSE,FALSE,FALSE,FALSE,FALSE,FALSE
09-04-2024,22538,45.70603872,1.024458701,81.45636003,100,3,95.076,56.5393601,94.51727523,76.06691028,103,1,0,4,TRUE,FALSE,FALSE,FALSE,FALSE,FALSE
10-04-2024,33249,32.0248908,1.5,100,100,4,116.498,74.43915757,88.47988186,98.93809216,95,2,0,4,FALSE,FALSE,FALSE,FALSE,FALSE,FALSE
10-04-2024,41564,36.95877044,1.5,100,100,0,133.128,77.09487783,72.13838673,72.10920447,101,2,0,4,TRUE,FALSE,FALSE,FALSE,FALSE,FALSE
11-04-2024,34203,25.48094392,1.5,100,100,1,118.406,42.85601518,83.81137134,97.46373374,104,3,0,4,FALSE,FALSE,FALSE,FALSE,FALSE,FALSE
11-04-2024,40375,23.81410156,1.5,100,100,1,130.75,12.3258535,70.64448403,78.315425,111,3,0,4,TRUE,TRUE,FALSE,FALSE,FALSE,FALSE
12-04-2024,45083,20,1.5,100,100,3,140.166,43.74934738,62.69048822,79.97157404,94,4,0,4,TRUE,FALSE,FALSE,FALSE,FALSE,FALSE
14-04-2024,31662,46.18130145,1.5,96.44665643,100,2,113.324,60.23705469,87.32480371,65.20315594,107,6,1,4,FALSE,FALSE,TRUE,FALSE,FALSE,FALSE
15-04-2024,39405,29.49593159,1.5,100,100,4,128.81,36.36243128,96.25948392,77.47451406,98,0,0,4,FALSE,FALSE,FALSE,FALSE,FALSE,FALSE
16-04-2024,52777,49.71599526,1.5,100,100,2,155.554,45.0860074,83.38444189,85.57646051,89,1,0,4,FALSE,FALSE,FALSE,FALSE,FALSE,FALSE
16-04-2024,32513,29.56437617,1.5,100,100,5,115.026,28.56209058,95.81360476,59.39978331,114,1,0,4,TRUE,FALSE,TRUE,FALSE,FALSE,FALSE
17-04-2024,49894,35.00285718,1.5,100,100,4,149.788,20.84334295,75.76071046,52.80955556,108,2,0,4,TRUE,FALSE,FALSE,FALSE,FALSE,FALSE
18-04-2024,10697,52.97226105,1.268583465,45.52406381,52.8445998,0,71.394,47.40817241,66.42682814,76.68148272,205,3,0,4,FALSE,FALSE,FALSE,FALSE,FALSE,FALSE
18-04-2024,35421,41.22978555,1.5,100,100,4,120.842,25.04853164,81.00034225,86.50226468,100,3,0,4,TRUE,FALSE,FALSE,FALSE,FALSE,FALSE
19-04-2024,44407,22.44045122,1.5,100,100,2,138.814,69.18297755,65.0343566,99.12088734,76,4,0,4,FALSE,FALSE,FALSE,FALSE,TRUE,FALSE
19-04-2024,48125,20,1.5,100,100,3,146.25,76.63886789,91.14848012,99.7197948,99,4,0,4,TRUE,FALSE,FALSE,FALSE,FALSE,FALSE
20-04-2024,40226,31.5963526,1.5,100,100,4,130.452,30.9339765,88.68666411,75.30082963,103,5,1,4,FALSE,FALSE,FALSE,FALSE,FALSE,FALSE
20-04-2024,11587,56.78174308,1.166903668,44.34242461,54.97869579,0,73.174,73.68384706,96.97796383,89.71256005,183,5,1,4,TRUE,FALSE,TRUE,FALSE,FALSE,FALSE
21-04-2024,45951,37.40130474,1.5,100,100,2,141.902,54.19462087,95.80284446,90.7948655,102,6,1,4,TRUE,FALSE,FALSE,FALSE,FALSE,FALSE
22-04-2024,39327,43.76495218,1.5,100,100,2,128.654,22.35510001,77.1039719,69.44829047,106,0,0,4,FALSE,FALSE,TRUE,FALSE,FALSE,FALSE
22-04-2024,41168,34.60793041,1.5,100,100,1,132.336,75.07138498,63.9016419,65.49585256,115,0,0,4,TRUE,FALSE,FALSE,FALSE,FALSE,FALSE
23-04-2024,39425,33.18375391,1.5,100,100,2,128.85,21.20146494,76.16224892,77.27692058,104,1,0,4,TRUE,FALSE,FALSE,FALSE,FALSE,FALSE
24-04-2024,24480,56.00086638,1.226164233,82.78361993,100,1,98.96,59.20827035,81.72113123,55.91171796,94,2,0,4,FALSE,FALSE,TRUE,FALSE,FALSE,FALSE
24-04-2024,13205,80.23139882,1.398111925,53.95067067,65.76753173,0,76.41,45.66079103,87.13516038,86.99129798,185,2,0,4,TRUE,FALSE,FALSE,FALSE,TRUE,FALSE
25-04-2024,33164,39.03954616,1.5,100,100,4,116.328,20.48763917,83.47473497,71.24523901,99,3,0,4,FALSE,FALSE,FALSE,FALSE,FALSE,FALSE
25-04-2024,42266,52.57558703,1.5,100,100,1,134.532,70.02547602,75.02043582,55.55537019,112,3,0,4,TRUE,FALSE,FALSE,FALSE,FALSE,TRUE
26-04-2024,11137,56.9653832,1.137225072,45.95548829,53.4212222,0,72.274,15.80889694,91.3724658,91.28668208,198,4,0,4,TRUE,TRUE,FALSE,FALSE,FALSE,FALSE
27-04-2024,24802,49.09063912,1.0978076,83.43731545,100,1,99.604,65.91737988,93.25913687,95.94720692,111,5,1,4,FALSE,FALSE,FALSE,FALSE,FALSE,FALSE
28-04-2024,40409,37.98721013,1.5,100,100,3,130.818,39.99069039,82.32943941,87.02955986,97,6,1,4,FALSE,FALSE,TRUE,FALSE,FALSE,FALSE
28-04-2024,43900,20,1.5,100,100,2,137.8,14.40834135,84.32555574,80.99542037,94,6,1,4,TRUE,FALSE,FALSE,TRUE,FALSE,FALSE
29-04-2024,35545,52.59553017,1.5,100,100,3,121.09,55.72687958,79.98764375,83.76761994,97,0,0,4,FALSE,FALSE,FALSE,FALSE,TRUE,FALSE
29-04-2024,20341,25.62855628,1.329747574,58.22316004,97.61142715,0,90.682,18.51506626,75.250746,60.58942496,104,0,0,4,TRUE,FALSE,FALSE,FALSE,FALSE,FALSE
30-04-2024,55240,42.62114993,1.5,100,100,3,160.48,68.70480745,95.4731869,50.52677456,98,1,0,4,FALSE,FALSE,FALSE,FALSE,FALSE,FALSE
30-04-2024,38017,39.28814324,1.5,100,100,2,126.034,52.8906255,98.68876866,59.11696425,106,1,0,4,TRUE,TRUE,FALSE,FALSE,FALSE,FALSE
01-05-2024,23658,38.49094963,1.020648263,78.5133828,100,3,97.316,48.58088999,74.41784099,79.28559313,87,2,0,5,TRUE,TRUE,FALSE,FALSE,FALSE,FALSE
02-05-2024,41516,31.70912647,1.5,100,100,3,133.032,42.5975148,87.69065491,95.38853551,104,3,0,5,FALSE,FALSE,FALSE,FALSE,FALSE,FALSE
02-05-2024,31125,36.72579545,1.5,100,100,2,112.25,56.96756529,72.9124177,52.36735079,98,3,0,5,TRUE,TRUE,FALSE,FALSE,FALSE,FALSE
03-05-2024,36257,51.36551826,1.5,100,100,1,122.514,51.45551359,84.8976557,99.27135348,102,4,0,5,TRUE,FALSE,FALSE,FALSE,FALSE,FALSE
04-05-2024,20399,43.43342317,1.168312024,72.91861606,97.46220329,2,90.798,72.61043724,88.87518649,87.71641607,105,5,1,5,FALSE,FALSE,FALSE,FALSE,FALSE,FALSE
04-05-2024,21770,58.66282601,1.390036989,80.68339986,100,0,93.54,48.68668579,61.09007993,72.28298715,97,5,1,5,TRUE,FALSE,FALSE,FALSE,FALSE,FALSE
05-05-2024,39745,40.4692009,1.5,100,100,4,129.49,34.98132957,87.99428366,59.99054711,103,6,1,5,FALSE,FALSE,FALSE,FALSE,FALSE,FALSE
05-05-2024,11955,46.65671888,1.218317493,37.93363862,61.8684458,2,73.91,78.61864161,91.8740335,59.5239245,200,6,1,5,TRUE,FALSE,FALSE,FALSE,FALSE,FALSE
06-05-2024,31211,20,1.5,100,100,2,112.422,58.9791995,80.12666144,59.4732046,79,0,0,5,FALSE,FALSE,FALSE,FALSE,FALSE,TRUE
06-05-2024,24666,38.93831288,1.332587019,89.56938149,100,4,99.332,53.03194209,69.79733206,61.37812555,88,0,0,5,TRUE,FALSE,FALSE,TRUE,FALSE,FALSE
07-05-2024,39841,48.13962248,1.5,100,100,1,129.682,38.59324101,83.4198804,89.24776571,96,1,0,5,FALSE,FALSE,FALSE,FALSE,FALSE,FALSE
08-05-2024,49599,20,1.5,100,100,5,149.198,36.73685108,72.27049844,74.38414618,109,2,0,5,FALSE,FALSE,FALSE,FALSE,FALSE,FALSE
08-05-2024,24379,56.86048079,1.307849685,91.26154707,100,3,98.758,34.19720922,88.71619771,85.21861851,92,2,0,5,TRUE,FALSE,FALSE,FALSE,FALSE,TRUE
09-05-2024,35987,22.52337119,1.5,100,100,3,121.974,25.65321463,96.1071061,76.13011281,121,3,0,5,TRUE,FALSE,FALSE,FALSE,FALSE,FALSE
10-05-2024,25470,43.47346733,1.5,77.7174513,100,2,100.94,54.3671099,77.13491296,51.17950682,99,4,0,5,FALSE,FALSE,TRUE,FALSE,FALSE,FALSE
10-05-2024,51242,37.02872981,1.5,100,100,4,152.484,21.02201522,72.15029152,94.70958501,92,4,0,5,TRUE,FALSE,FALSE,FALSE,FALSE,FALSE
11-05-2024,20513,46.78004375,1.040794087,76.32672948,100,3,91.026,12.61886165,72.96418068,55.13067333,98,5,1,5,FALSE,FALSE,FALSE,FALSE,FALSE,FALSE
11-05-2024,37916,20,1.5,100,100,1,125.832,22.59180068,69.01829213,71.96563718,96,5,1,5,TRUE,FALSE,FALSE,FALSE,FALSE,FALSE
12-05-2024,48134,35.87192753,1.5,100,100,3,146.268,56.55749855,71.12001022,77.56080619,94,6,1,5,FALSE,FALSE,FALSE,FALSE,FALSE,FALSE
12-05-2024,11292,53.91079351,1.278079699,28.41935846,58.07592762,1,72.584,69.55601158,94.5269657,60.01999805,203,6,1,5,TRUE,FALSE,FALSE,FALSE,FALSE,FALSE
13-05-2024,38537,23.04248356,1.5,100,100,1,127.074,11.25454161,81.03240817,58.96040571,102,0,0,5,FALSE,FALSE,FALSE,TRUE,FALSE,FALSE
13-05-2024,38963,31.95756546,1.5,100,100,1,127.926,48.05591339,85.07707089,93.92759503,104,0,0,5,TRUE,FALSE,FALSE,FALSE,FALSE,TRUE
14-05-2024,26757,39.07861068,1.5,93.96584697,100,1,103.514,16.87113155,69.87594053,57.4988111,81,1,0,5,FALSE,FALSE,FALSE,FALSE,FALSE,FALSE
14-05-2024,47334,34.51640983,1.5,100,100,4,144.668,35.79392548,74.24282755,74.59592219,86,1,0,5,TRUE,FALSE,FALSE,TRUE,FALSE,FALSE
15-05-2024,20120,48.21186074,1.346970513,71.09274858,98.25278405,4,90.24,74.37968941,88.14174013,60.44339785,116,2,0,5,FALSE,FALSE,FALSE,FALSE,FALSE,FALSE
15-05-2024,48843,33.67626116,1.5,100,100,2,147.686,13.1357917,61.44837809,82.9459142,98,2,0,5,TRUE,FALSE,FALSE,FALSE,FALSE,FALSE
16-05-2024,12961,44.84060887,1.103424554,39.59932438,60.13032316,2,75.922,24.94528874,81.3462885,60.77160831,187,3,0,5,FALSE,FALSE,FALSE,FALSE,FALSE,TRUE
16-05-2024,36453,26.71875092,1.5,100,100,1,122.906,69.04923137,72.44947109,91.76105717,108,3,0,5,TRUE,FALSE,FALSE,TRUE,FALSE,TRUE
17-05-2024,36484,37.02996861,1.5,100,100,2,122.968,70.85568828,89.74239253,67.47144607,86,4,0,5,TRUE,FALSE,FALSE,FALSE,FALSE,TRUE
18-05-2024,34571,25.95018902,1.5,100,100,3,119.142,76.61874855,73.50766565,82.41594981,101,5,1,5,FALSE,FALSE,FALSE,FALSE,TRUE,FALSE
18-05-2024,22692,55.14316925,1.177583979,84.77349153,100,1,95.384,41.39830045,96.34035477,75.1995338,103,5,1,5,TRUE,TRUE,FALSE,FALSE,FALSE,FALSE
19-05-2024,36933,45.12011476,1.5,100,100,2,123.866,22.4394646,75.88984373,62.99909634,93,6,1,5,FALSE,FALSE,TRUE,FALSE,FALSE,TRUE
19-05-2024,24354,42.75462811,1.143283332,89.46138669,100,1,98.708,13.90249926,60.03920589,51.61487877,101,6,1,5,TRUE,FALSE,FALSE,FALSE,FALSE,FALSE
20-05-2024,21801,51.73526999,1.272354498,63.49086023,100,0,93.602,64.33860938,66.34701179,60.683878,103,0,0,5,FALSE,FALSE,FALSE,FALSE,FALSE,FALSE
21-05-2024,12521,53.33167434,1.100020471,38.16562855,65.21566165,1,75.042,63.88214175,89.531691,89.26875162,200,1,0,5,FALSE,FALSE,FALSE,FALSE,FALSE,FALSE
21-05-2024,50643,44.85918395,1.5,100,100,0,151.286,54.18861822,94.55509171,75.10246293,104,1,0,5,TRUE,FALSE,TRUE,FALSE,FALSE,FALSE
22-05-2024,45542,27.91555195,1.5,100,100,1,141.084,50.40522524,96.30040529,98.25328781,97,2,0,5,FALSE,FALSE,TRUE,FALSE,FALSE,FALSE
22-05-2024,11921,50.94307156,1.256712286,32.4593962,55.01803175,2,73.842,42.61274885,85.02888397,81.08750074,196,2,0,5,TRUE,FALSE,FALSE,TRUE,FALSE,FALSE
23-05-2024,23255,46.77879602,1.367599438,67.81475549,100,0,96.51,43.39031066,88.99045832,51.38309245,104,3,0,5,FALSE,TRUE,FALSE,FALSE,FALSE,FALSE
23-05-2024,39517,29.6120153,1.5,100,100,1,129.034,67.76795609,63.3365118,97.37428664,93,3,0,5,TRUE,FALSE,FALSE,FALSE,FALSE,FALSE
24-05-2024,22564,33.34571689,1.035294532,82.86755831,100,2,95.128,23.84159596,89.20542362,94.02376772,107,4,0,5,FALSE,FALSE,FALSE,FALSE,FALSE,FALSE
24-05-2024,34602,34.89850788,1.5,100,100,0,119.204,73.57943922,98.02374367,83.17429663,80,4,0,5,TRUE,FALSE,TRUE,FALSE,FALSE,FALSE
25-05-2024,50908,39.04643646,1.5,100,100,3,151.816,73.58883214,88.81618839,62.56076417,105,5,1,5,FALSE,FALSE,FALSE,FALSE,FALSE,FALSE
25-05-2024,30108,41.04592165,1.5,100,100,1,110.216,43.01975983,94.04371944,55.22286509,97,5,1,5,TRUE,FALSE,FALSE,TRUE,FALSE,FALSE
26-05-2024,35592,29.81381218,1.5,100,100,0,121.184,49.5349406,73.00058957,52.16154308,112,6,1,5,FALSE,TRUE,FALSE,FALSE,FALSE,FALSE
26-05-2024,12748,73.05582474,1.047781009,43.6742516,58.95152223,1,75.496,60.17072499,79.08091152,86.98892211,202,6,1,5,TRUE,FALSE,FALSE,FALSE,FALSE,FALSE
27-05-2024,42162,37.8562182,1.5,100,100,1,134.324,42.57024716,99.51716662,75.22963536,98,0,0,5,FALSE,FALSE,FALSE,FALSE,FALSE,FALSE
27-05-2024,41340,27.66432011,1.5,100,100,5,132.68,31.60478887,66.32178289,61.22524807,105,0,0,5,TRUE,FALSE,FALSE,FALSE,FALSE,FALSE
29-05-2024,34519,26.84511793,1.5,100,100,3,119.038,60.73534208,91.92794567,63.8170979,116,2,0,5,FALSE,FALSE,FALSE,FALSE,FALSE,FALSE
30-05-2024,25923,21.90240865,1.5,85.80974445,100,3,101.846,70.06158117,99.96688267,99.78319511,94,3,0,5,TRUE,FALSE,FALSE,FALSE,FALSE,FALSE
31-05-2024,23414,56.48977112,1.238674081,79.85816166,100,2,96.828,59.28528691,79.87301811,51.32544104,99,4,0,5,FALSE,FALSE,FALSE,TRUE,FALSE,FALSE
31-05-2024,33569,44.62075505,1.5,100,100,2,117.138,29.78686908,91.61756626,71.80363076,96,4,0,5,TRUE,FALSE,FALSE,FALSE,FALSE,FALSE
01-06-2024,36961,55.08693613,1.5,100,100,1,123.922,77.80840991,63.67980119,58.16004625,100,5,1,6,FALSE,FALSE,TRUE,FALSE,FALSE,FALSE
01-06-2024,32194,29.83318341,1.5,100,100,0,114.388,68.1235951,68.4619408,57.52851243,105,5,1,6,TRUE,FALSE,FALSE,FALSE,FALSE,FALSE
02-06-2024,11270,60.55563096,1.123436286,34.39233892,52.13564826,0,72.54,59.75486866,73.97818369,52.65910383,191,6,1,6,FALSE,FALSE,TRUE,FALSE,FALSE,FALSE
02-06-2024,49913,20,1.5,100,100,2,149.826,41.45275895,73.20677054,77.85838166,96,6,1,6,TRUE,TRUE,FALSE,FALSE,FALSE,FALSE
03-06-2024,22995,45.09872751,1.119264312,70.2182698,100,3,95.99,63.49843845,65.45620198,82.00095031,113,0,0,6,FALSE,FALSE,TRUE,FALSE,FALSE,FALSE
03-06-2024,36027,20.81450112,1.5,100,100,2,122.054,43.59876372,73.09699061,66.20871231,102,0,0,6,TRUE,FALSE,FALSE,FALSE,TRUE,FALSE
04-06-2024,23821,48.49869963,1.178401864,70.85733347,100,2,97.642,11.77998129,73.89135695,93.05478772,113,1,0,6,FALSE,FALSE,FALSE,FALSE,FALSE,FALSE
04-06-2024,50576,55.72862836,1.5,100,100,3,151.152,40.43498116,78.22862868,60.7671174,102,1,0,6,TRUE,FALSE,FALSE,FALSE,FALSE,FALSE
05-06-2024,41304,39.67570472,1.5,100,100,1,132.608,62.68317324,92.56498256,87.37111699,91,2,0,6,FALSE,FALSE,TRUE,FALSE,FALSE,FALSE
05-06-2024,39100,36.16988105,1.5,100,100,2,128.2,62.28561261,73.53044094,54.88947807,100,2,0,6,TRUE,FALSE,TRUE,FALSE,FALSE,FALSE
06-06-2024,52656,55.92680387,1.5,100,100,6,155.312,26.52128256,73.54914696,93.16937763,104,3,0,6,FALSE,FALSE,FALSE,FALSE,FALSE,FALSE
07-06-2024,25625,30.39188978,1.5,90.08204752,100,1,101.25,74.56465054,61.53543434,59.18353589,90,4,0,6,FALSE,FALSE,FALSE,FALSE,FALSE,FALSE
07-06-2024,26757,38.16618973,1.5,94.69486065,100,1,103.514,49.91319591,67.04197103,93.03964381,97,4,0,6,TRUE,FALSE,TRUE,FALSE,FALSE,FALSE
08-06-2024,11246,52.26380126,1.057011272,47.46996486,55.25948777,1,72.492,11.77633636,69.18684257,53.67072091,181,5,1,6,FALSE,FALSE,TRUE,FALSE,FALSE,FALSE
08-06-2024,23681,59.38054447,1.328717778,85.81231442,100,1,97.362,47.95604416,79.45810644,97.51068741,95,5,1,6,TRUE,FALSE,FALSE,FALSE,FALSE,TRUE
09-06-2024,21747,64.45720885,1.180215228,78.45067015,100,2,93.494,44.95819669,98.42040897,55.04828977,120,6,1,6,FALSE,FALSE,FALSE,FALSE,FALSE,FALSE
09-06-2024,20940,20,1.396924549,70.85950698,100,0,91.88,52.16972538,71.08167571,63.17633532,113,6,1,6,TRUE,FALSE,FALSE,FALSE,FALSE,FALSE
10-06-2024,35208,43.06130526,1.5,100,100,5,120.416,78.92371921,88.09489158,82.00330897,90,0,0,6,FALSE,FALSE,FALSE,FALSE,FALSE,FALSE
10-06-2024,53374,30.66302333,1.5,100,100,1,156.748,15.01737295,71.07074757,75.24516894,127,0,0,6,TRUE,FALSE,FALSE,FALSE,FALSE,FALSE
11-06-2024,32724,23.68419826,1.5,100,100,2,115.448,66.0929579,65.0825356,89.84537817,95,1,0,6,FALSE,FALSE,TRUE,FALSE,FALSE,FALSE
11-06-2024,24061,44.40766885,1.376526172,87.88497516,100,1,98.122,32.67644749,92.528544,86.20338541,120,1,0,6,TRUE,FALSE,FALSE,FALSE,FALSE,FALSE
12-06-2024,43611,34.38432388,1.5,100,100,0,137.222,26.87599041,98.41125946,62.03998752,112,2,0,6,FALSE,FALSE,TRUE,FALSE,FALSE,FALSE
12-06-2024,48078,33.03403904,1.5,100,100,5,146.156,19.26215549,98.85645566,94.83769117,105,2,0,6,TRUE,FALSE,FALSE,FALSE,FALSE,FALSE
13-06-2024,41762,27.9377437,1.5,100,100,0,133.524,78.91240686,98.45916733,99.28860607,83,3,0,6,FALSE,FALSE,FALSE,TRUE,FALSE,FALSE
13-06-2024,43318,32.37091045,1.5,100,100,3,136.636,60.31435508,75.91690033,74.74399421,110,3,0,6,TRUE,FALSE,TRUE,FALSE,FALSE,FALSE
14-06-2024,25944,34.94630174,1.5,87.3201712,100,3,101.888,16.70001323,73.592912,57.94835036,120,4,0,6,FALSE,TRUE,FALSE,FALSE,FALSE,FALSE
14-06-2024,11265,40.98533206,1.129726141,37.96503071,61.02968216,0,72.53,27.5251034,85.66461477,66.33420172,187,4,0,6,TRUE,FALSE,TRUE,FALSE,FALSE,FALSE
15-06-2024,28112,29.30286875,1.5,100,100,1,106.224,49.18947025,74.73287586,98.38408729,95,5,1,6,FALSE,FALSE,FALSE,FALSE,FALSE,FALSE
15-06-2024,24876,43.85371709,1.057751075,89.78640654,100,2,99.752,14.84992048,97.31494436,83.37380546,88,5,1,6,TRUE,FALSE,FALSE,FALSE,FALSE,TRUE
16-06-2024,46404,28.91704702,1.5,100,100,2,142.808,59.03877654,76.67487472,87.20812291,101,6,1,6,FALSE,FALSE,TRUE,FALSE,FALSE,FALSE
16-06-2024,34620,31.89186298,1.5,100,100,0,119.24,23.18104468,76.87530609,57.89869946,107,6,1,6,TRUE,FALSE,TRUE,FALSE,FALSE,FALSE
17-06-2024,24942,36.12102185,1.135924157,81.63741746,100,5,99.884,58.11366964,75.09246795,88.98414968,82,0,0,6,FALSE,FALSE,FALSE,FALSE,FALSE,FALSE
17-06-2024,29834,32.36758604,1.5,100,100,3,109.668,17.22594365,92.78917353,51.8749006,132,0,0,6,TRUE,FALSE,FALSE,FALSE,FALSE,TRUE
18-06-2024,43635,35.11334244,1.5,100,100,2,137.27,21.40774433,94.09065237,91.31839618,96,1,0,6,FALSE,FALSE,TRUE,FALSE,FALSE,FALSE
18-06-2024,37987,39.86766582,1.5,100,100,4,125.974,34.87036041,87.28642337,79.05584295,88,1,0,6,TRUE,FALSE,FALSE,FALSE,TRUE,FALSE
19-06-2024,36703,24.98318105,1.5,100,100,2,123.406,25.00664884,98.95079115,70.66753746,94,2,0,6,FALSE,FALSE,FALSE,FALSE,FALSE,FALSE
19-06-2024,25171,41.40151222,1.5,89.73685275,100,3,100.342,74.27682399,83.72699881,87.92421552,98,2,0,6,TRUE,FALSE,FALSE,FALSE,FALSE,FALSE
20-06-2024,21486,47.68972245,1.325559587,68.9239907,100,0,92.972,44.20843484,97.70120021,54.40322276,92,3,0,6,FALSE,FALSE,FALSE,FALSE,FALSE,FALSE
20-06-2024,42956,43.51613051,1.5,100,100,7,135.912,69.12190402,90.05440599,54.08701507,101,3,0,6,TRUE,FALSE,FALSE,FALSE,FALSE,FALSE
21-06-2024,32766,20,1.5,100,100,2,115.532,28.23632953,62.24757361,84.02443375,110,4,0,6,FALSE,FALSE,TRUE,FALSE,FALSE,TRUE
22-06-2024,33600,35.64572935,1.5,100,100,2,117.2,65.18661106,63.46582311,57.78875703,101,5,1,6,FALSE,FALSE,FALSE,FALSE,TRUE,FALSE
22-06-2024,23191,59.48441229,1.031206645,76.92220938,100,2,96.382,22.46601062,65.9385287,66.76579114,93,5,1,6,TRUE,FALSE,FALSE,FALSE,FALSE,FALSE
23-06-2024,38259,39.79652909,1.5,100,100,0,126.518,10.5868096,89.04742626,94.18975275,102,6,1,6,TRUE,TRUE,FALSE,FALSE,FALSE,FALSE
24-06-2024,22027,41.87441873,1.043669265,82.05595351,100,2,94.054,28.24151232,69.74162089,65.78369083,90,0,0,6,FALSE,FALSE,TRUE,FALSE,FALSE,FALSE
24-06-2024,38412,23.88519217,1.5,100,100,3,126.824,58.68638984,85.79918618,89.0077803,101,0,0,6,TRUE,FALSE,FALSE,FALSE,FALSE,FALSE
25-06-2024,38041,41.96835806,1.5,100,100,2,126.082,55.50344094,90.00181667,70.53853887,100,1,0,6,FALSE,FALSE,TRUE,FALSE,FALSE,FALSE
25-06-2024,13044,43.87462541,1.27115035,49.68249801,66.31850529,0,76.088,45.99668157,93.63436723,95.50962659,209,1,0,6,TRUE,FALSE,FALSE,TRUE,FALSE,FALSE
26-06-2024,46366,56.88338327,1.5,100,100,0,142.732,66.3636463,96.14183837,55.02155738,98,2,0,6,FALSE,FALSE,TRUE,FALSE,FALSE,FALSE
26-06-2024,22842,51.85620471,1.372241566,73.42495399,100,3,95.684,10.76405774,66.96146186,68.78301857,108,2,0,6,TRUE,FALSE,FALSE,FALSE,FALSE,FALSE
27-06-2024,24057,46.74231298,1.093718728,83.63808799,100,2,98.114,60.27463104,72.53677462,71.74628211,105,3,0,6,FALSE,FALSE,FALSE,FALSE,FALSE,FALSE
27-06-2024,24741,46.78008615,1.028138285,76.01529701,100,2,99.482,50.79944732,82.07334905,52.06845305,96,3,0,6,TRUE,FALSE,FALSE,FALSE,FALSE,FALSE
28-06-2024,44956,57.24976663,1.5,100,100,2,139.912,73.70736827,92.70256686,96.67558895,82,4,0,6,FALSE,FALSE,FALSE,TRUE,FALSE,FALSE
28-06-2024,10165,51.15911353,1.039862928,27.68899001,53.7301055,2,70.33,17.74090267,69.33049159,98.96844454,207,4,0,6,TRUE,FALSE,FALSE,FALSE,FALSE,FALSE
29-06-2024,48547,20,1.5,100,100,2,147.094,71.91202675,94.06487498,71.45435305,97,5,1,6,FALSE,FALSE,FALSE,FALSE,FALSE,FALSE
29-06-2024,21761,65.19587535,1.362582447,71.06063338,100,5,93.522,29.42294434,60.00531304,90.32148361,106,5,1,6,TRUE,FALSE,FALSE,FALSE,FALSE,TRUE
30-06-2024,37670,32.86301183,1.5,100,100,2,125.34,31.70559339,86.36618708,53.3174429,94,6,1,6,FALSE,FALSE,FALSE,FALSE,FALSE,FALSE
30-06-2024,51059,44.18185184,1.5,100,100,2,152.118,36.51785576,80.29952348,70.48176584,88,6,1,6,TRUE,FALSE,FALSE,FALSE,FALSE,FALSE
01-07-2024,43525,39.52763123,1.5,100,100,4,137.05,20.87641603,77.34597973,96.78887393,104,0,0,7,FALSE,FALSE,FALSE,FALSE,FALSE,FALSE
01-07-2024,24970,28.32748127,1.002910251,75.26749301,100,0,99.94,50.52808168,80.72864353,73.69682096,123,0,0,7,TRUE,FALSE,FALSE,TRUE,FALSE,FALSE
02-07-2024,36852,39.09673486,1.5,100,100,2,123.704,62.89292473,67.90779347,95.57927964,107,1,0,7,FALSE,FALSE,FALSE,FALSE,FALSE,FALSE
02-07-2024,48539,37.79281727,1.5,100,100,2,147.078,34.29440641,74.29531921,77.85426555,108,1,0,7,TRUE,FALSE,FALSE,FALSE,FALSE,FALSE
03-07-2024,25752,32.14899344,1.5,93.55888983,100,1,101.504,51.74744869,75.3670534,65.9702877,111,2,0,7,FALSE,FALSE,FALSE,FALSE,FALSE,FALSE
03-07-2024,24464,66.25094216,1.305390263,81.9789601,100,0,98.928,46.05304279,72.47291024,94.94884462,92,2,0,7,TRUE,FALSE,FALSE,FALSE,FALSE,TRUE
04-07-2024,40605,35.56866505,1.5,100,100,4,131.21,24.70017552,97.46077129,73.52512725,82,3,0,7,FALSE,FALSE,FALSE,FALSE,FALSE,FALSE
04-07-2024,46890,33.37588604,1.5,100,100,3,143.78,72.50313194,83.76993826,76.38861494,97,3,0,7,TRUE,FALSE,FALSE,FALSE,FALSE,FALSE
05-07-2024,34315,60.04347891,1.5,100,100,2,118.63,42.77195671,74.02657311,88.78578838,125,4,0,7,FALSE,FALSE,FALSE,FALSE,FALSE,FALSE
05-07-2024,24558,49.6809821,1.349999764,78.87738714,100,2,99.116,43.14050148,88.41042459,89.00272944,91,4,0,7,TRUE,FALSE,FALSE,FALSE,FALSE,FALSE
06-07-2024,36724,37.43538347,1.5,100,100,1,123.448,47.54897765,80.9029742,89.79101445,90,5,1,7,FALSE,TRUE,FALSE,FALSE,FALSE,FALSE
06-07-2024,25180,24.18337424,1.5,85.43431548,100,1,100.36,11.39791496,83.28716405,55.26961419,84,5,1,7,TRUE,FALSE,FALSE,FALSE,FALSE,FALSE
07-07-2024,36755,33.25270858,1.5,100,100,1,123.51,64.78759954,67.04057421,97.01612589,105,6,1,7,FALSE,FALSE,FALSE,FALSE,FALSE,FALSE
07-07-2024,26610,35.10036126,1.5,81.67552878,100,0,103.22,22.94772286,85.2867126,66.86666134,85,6,1,7,TRUE,FALSE,FALSE,FALSE,FALSE,FALSE
08-07-2024,35228,43.61666187,1.5,100,100,2,120.456,22.39097043,81.90802626,60.08503603,110,0,0,7,FALSE,FALSE,TRUE,FALSE,FALSE,FALSE
08-07-2024,26566,20,1.5,81.75387927,100,3,103.132,18.95760797,67.52630062,90.5461567,113,0,0,7,TRUE,FALSE,FALSE,FALSE,FALSE,FALSE
09-07-2024,50420,38.57037527,1.5,100,100,2,150.84,47.61772321,90.34126787,60.01168341,91,1,0,7,FALSE,FALSE,FALSE,FALSE,FALSE,FALSE
09-07-2024,34626,20,1.5,100,100,1,119.252,78.12336082,63.31467045,98.48875054,107,1,0,7,TRUE,FALSE,TRUE,FALSE,FALSE,FALSE
10-07-2024,33762,20,1.5,100,100,0,117.524,11.13241571,83.20744319,94.81909255,91,2,0,7,FALSE,FALSE,FALSE,FALSE,FALSE,FALSE
10-07-2024,28394,38.25822673,1.5,89.34895732,100,0,106.788,71.60987236,60.02856622,63.47614998,86,2,0,7,TRUE,FALSE,TRUE,FALSE,FALSE,FALSE
11-07-2024,37551,43.03087457,1.5,100,100,2,125.102,50.6164867,90.56849195,51.36995461,93,3,0,7,FALSE,FALSE,FALSE,TRUE,FALSE,FALSE
11-07-2024,42031,37.48051842,1.5,100,100,1,134.062,34.78587394,74.1380644,52.06608097,111,3,0,7,TRUE,FALSE,TRUE,FALSE,FALSE,FALSE
12-07-2024,30534,20,1.5,95.01781262,100,2,111.068,66.68572863,98.02275517,71.20426889,126,4,0,7,FALSE,FALSE,FALSE,FALSE,FALSE,TRUE
12-07-2024,39204,39.04150602,1.5,100,100,1,128.408,19.43236077,98.27718488,62.69151321,116,4,0,7,TRUE,FALSE,FALSE,FALSE,TRUE,FALSE
13-07-2024,23892,27.04903104,1.265648666,71.2486815,100,1,97.784,74.79272719,69.54216723,83.12090326,93,5,1,7,FALSE,FALSE,FALSE,FALSE,FALSE,FALSE
14-07-2024,42493,35.63482377,1.5,100,100,1,134.986,12.05429466,78.68128669,63.1799257,99,6,1,7,FALSE,FALSE,FALSE,FALSE,FALSE,FALSE
14-07-2024,23240,46.01149391,1.314674806,78.5658147,100,2,96.48,78.98026194,89.71062688,62.947154,110,6,1,7,TRUE,FALSE,FALSE,FALSE,FALSE,FALSE
15-07-2024,37789,46.9288373,1.5,100,100,4,125.578,17.69845071,86.69375689,57.01663354,101,0,0,7,TRUE,FALSE,FALSE,FALSE,TRUE,FALSE
16-07-2024,42375,20,1.5,100,100,5,134.75,32.37645322,85.49745781,94.6796412,105,1,0,7,FALSE,FALSE,FALSE,FALSE,FALSE,FALSE
16-07-2024,49625,32.71973575,1.5,100,100,1,149.25,61.68064892,83.73767389,68.9342864,101,1,0,7,TRUE,FALSE,FALSE,FALSE,FALSE,FALSE
17-07-2024,21974,52.55963167,1.197821415,64.16605266,100,0,93.948,42.62257422,68.96000619,85.37709213,115,2,0,7,FALSE,FALSE,FALSE,FALSE,TRUE,FALSE
17-07-2024,22800,47.65722083,1.235726272,84.60264471,100,3,95.6,14.19156911,73.18970981,97.24795659,102,2,0,7,TRUE,FALSE,FALSE,FALSE,FALSE,FALSE
18-07-2024,35397,20,1.5,100,100,2,120.794,55.93224452,82.48471446,92.59721233,113,3,0,7,FALSE,FALSE,TRUE,FALSE,FALSE,FALSE
18-07-2024,35680,47.51544004,1.5,100,100,0,121.36,41.92854287,79.37856403,54.84857477,84,3,0,7,TRUE,FALSE,FALSE,FALSE,FALSE,FALSE
19-07-2024,34099,41.42685536,1.5,100,100,2,118.198,62.00113691,74.25731358,78.09522702,99,4,0,7,FALSE,TRUE,FALSE,FALSE,FALSE,TRUE
19-07-2024,20170,46.3057606,1.04738424,58.90315902,99.71979595,0,90.34,57.18991795,65.6505593,69.37007941,94,4,0,7,TRUE,FALSE,TRUE,FALSE,FALSE,FALSE
20-07-2024,38412,43.84373599,1.5,100,100,2,126.824,70.11492348,72.22928388,95.87602351,110,5,1,7,FALSE,FALSE,FALSE,FALSE,FALSE,FALSE
20-07-2024,39521,23.23181028,1.5,100,100,3,129.042,29.15387713,72.33030513,52.6903005,104,5,1,7,TRUE,FALSE,FALSE,FALSE,FALSE,FALSE
21-07-2024,11733,36.5456439,1.136643458,47.51944503,53.78506663,1,73.466,68.76063144,77.45970587,82.08536046,185,6,1,7,FALSE,FALSE,FALSE,FALSE,FALSE,TRUE
21-07-2024,35517,50.74063412,1.5,100,100,2,121.034,58.68370587,97.86576318,99.81608174,95,6,1,7,TRUE,FALSE,FALSE,FALSE,FALSE,FALSE
22-07-2024,34750,39.38400473,1.5,100,100,4,119.5,19.43302157,93.39898206,81.56764896,101,0,0,7,TRUE,FALSE,FALSE,FALSE,FALSE,FALSE
23-07-2024,34216,32.90115347,1.5,100,100,0,118.432,10.55822182,60.94627804,69.68972349,116,1,0,7,FALSE,FALSE,FALSE,FALSE,FALSE,FALSE
23-07-2024,32048,28.52466926,1.5,100,100,1,114.096,17.35770117,75.40630046,66.43065304,77,1,0,7,TRUE,FALSE,FALSE,FALSE,FALSE,FALSE
24-07-2024,49128,39.89357762,1.5,100,100,1,148.256,20.99063114,88.10178887,50.940948,100,2,0,7,FALSE,FALSE,FALSE,FALSE,FALSE,TRUE
24-07-2024,17660,22.73285293,1.195982726,67.83537013,86.96456353,0,85.32,15.68244612,94.03486256,78.58783166,91,2,0,7,TRUE,TRUE,FALSE,FALSE,FALSE,FALSE
25-07-2024,11375,46.55419108,1.024005492,40.37907982,52.5832572,1,72.75,17.4780666,81.31072077,97.78802731,192,3,0,7,FALSE,FALSE,FALSE,FALSE,FALSE,FALSE
25-07-2024,39949,45.76085888,1.5,100,100,0,129.898,26.00496707,94.05896985,84.088002,99,3,0,7,TRUE,FALSE,FALSE,FALSE,FALSE,FALSE
26-07-2024,11173,44.35297468,1.073559647,36.69124226,56.05468192,0,72.346,46.71262775,71.7916052,81.02730042,194,4,0,7,FALSE,FALSE,FALSE,FALSE,FALSE,FALSE
26-07-2024,35350,35.53128079,1.5,100,100,1,120.7,36.0550595,66.41684631,64.70513877,90,4,0,7,TRUE,FALSE,FALSE,FALSE,FALSE,TRUE
27-07-2024,56031,36.40795755,1.5,100,100,3,162.062,50.50511696,80.22702566,73.23559529,107,5,1,7,FALSE,FALSE,FALSE,FALSE,FALSE,FALSE
27-07-2024,34501,28.06246385,1.5,100,100,3,119.002,27.67587631,86.27239802,90.35047794,95,5,1,7,TRUE,FALSE,FALSE,FALSE,TRUE,FALSE
28-07-2024,11193,50.15126627,1.285310139,30.68267886,52.10817594,1,72.386,14.81639917,63.41406825,60.27304772,203,6,1,7,FALSE,FALSE,FALSE,FALSE,TRUE,FALSE
28-07-2024,47446,20.75921193,1.5,100,100,4,144.892,25.72106373,79.69126652,61.8814577,102,6,1,7,TRUE,TRUE,FALSE,FALSE,FALSE,FALSE
29-07-2024,22519,50.76151803,1.394958881,79.12563831,100,5,95.038,36.04819967,66.93850956,76.4249157,88,0,0,7,FALSE,FALSE,FALSE,FALSE,FALSE,FALSE
30-07-2024,47177,33.69920756,1.5,100,100,1,144.354,73.89227494,74.34393795,52.3155881,109,1,0,7,FALSE,FALSE,FALSE,FALSE,FALSE,FALSE
30-07-2024,32232,38.54441977,1.5,100,100,3,114.464,73.0106523,65.31694456,58.85416954,111,1,0,7,TRUE,FALSE,FALSE,FALSE,FALSE,FALSE
31-07-2024,13689,38.98236015,1.243187937,47.54250897,73.42359028,0,77.378,23.87948255,76.13999912,87.43070213,202,2,0,7,FALSE,FALSE,FALSE,FALSE,FALSE,FALSE
31-07-2024,44444,47.16020394,1.5,100,100,1,138.888,78.06690846,95.04257902,89.90794425,105,2,0,7,TRUE,TRUE,FALSE,FALSE,FALSE,FALSE
01-08-2024,26424,44.66467488,1.5,95.37321506,100,2,102.848,23.29543997,69.65394073,75.11997678,89,3,0,8,FALSE,FALSE,FALSE,FALSE,FALSE,FALSE
01-08-2024,27236,22.17718771,1.5,82.00879516,100,2,104.472,19.12276435,65.32916562,55.03774018,98,3,0,8,TRUE,FALSE,FALSE,FALSE,FALSE,FALSE
02-08-2024,11561,46.21795057,1.347508396,41.09774609,53.90894942,0,73.122,30.62514964,72.94156437,56.87191046,185,4,0,8,TRUE,FALSE,FALSE,FALSE,FALSE,FALSE
03-08-2024,22703,46.07951613,1.318192014,81.19172837,100,0,95.406,20.85389786,68.38673177,75.59413113,110,5,1,8,FALSE,FALSE,FALSE,FALSE,FALSE,FALSE
03-08-2024,41887,35.31221813,1.5,100,100,3,133.774,73.86719622,92.13433908,95.78501605,86,5,1,8,TRUE,FALSE,FALSE,FALSE,FALSE,TRUE
04-08-2024,41104,45.62386119,1.5,100,100,4,132.208,73.38413392,66.78620239,55.50692865,106,6,1,8,FALSE,FALSE,FALSE,FALSE,FALSE,FALSE
04-08-2024,11907,39.81891024,1.037378141,34.33439965,63.07191717,0,73.814,74.56357231,77.66530559,79.2477899,188,6,1,8,TRUE,FALSE,FALSE,FALSE,FALSE,FALSE
05-08-2024,24718,57.8264068,1.382618164,85.37002038,100,2,99.436,30.32801447,62.37198225,84.28034105,100,0,0,8,FALSE,TRUE,FALSE,FALSE,FALSE,FALSE
05-08-2024,11208,40.3211386,1.34919963,28.13263176,59.11661739,1,72.416,54.54416489,66.6071887,78.32984047,202,0,0,8,TRUE,TRUE,FALSE,FALSE,FALSE,TRUE
06-08-2024,37154,35.4640581,1.5,100,100,1,124.308,49.55412428,75.66175518,75.70021988,92,1,0,8,FALSE,FALSE,FALSE,TRUE,FALSE,FALSE
06-08-2024,32723,36.68814707,1.5,100,100,1,115.446,47.01371139,88.33130115,57.29611071,76,1,0,8,TRUE,FALSE,FALSE,FALSE,TRUE,FALSE
07-08-2024,10893,39.86976232,1.035257857,41.60640446,56.38755836,1,71.786,43.65280353,99.53066921,73.9268266,200,2,0,8,FALSE,FALSE,TRUE,FALSE,FALSE,FALSE
07-08-2024,37221,35.37803999,1.5,100,100,2,124.442,71.18715038,96.32568781,50.02137566,80,2,0,8,TRUE,FALSE,FALSE,FALSE,FALSE,FALSE
08-08-2024,52465,20,1.5,100,100,2,154.93,37.14975159,65.60752697,54.98848087,110,3,0,8,FALSE,FALSE,FALSE,FALSE,FALSE,FALSE
09-08-2024,33339,24.92514336,1.5,100,100,1,116.678,13.55988566,81.75531984,53.85112593,107,4,0,8,FALSE,FALSE,FALSE,FALSE,FALSE,FALSE
09-08-2024,37265,38.47176784,1.5,100,100,4,124.53,70.58637012,64.66804024,95.56375523,112,4,0,8,TRUE,FALSE,FALSE,FALSE,FALSE,FALSE
